away_score,competition,date,home_score,nth_game_this_season,opposition,venue
1,1st Division,1991-08-17,2,1,Oldham Athletic,Anfield
2,1st Division,1991-08-21,1,2,Manchester City,Maine Road
0,1st Division,1991-08-24,0,3,Luton Town,Kenilworth Road
0,1st Division,1991-08-27,1,4,Queens Park Rangers,Anfield
1,1st Division,1991-08-31,3,5,Everton,Anfield
1,1st Division,1991-09-07,2,6,Notts County,Meadow Lane
1,1st Division,1991-09-14,1,7,Aston Villa,Anfield
1,UEFA Cup 1st round 1st leg,1991-09-18,6,8,Kuusysi Lahti,Anfield
1,1st Division,1991-09-21,0,9,Leeds United,Elland Road
2,League Cup 2nd round 1st leg,1991-09-25,2,10,Stoke City,Anfield
1,1st Division,1991-09-28,1,11,Sheffield Wednesday,Anfield
1,UEFA Cup 1st round 2nd leg,1991-10-02,0,12,Kuusysi Lahti,Lahden Stadion
0,1st Division,1991-10-06,0,13,Manchester United,Old Trafford
2,League Cup 2nd round 2nd leg,1991-10-09,3,14,Stoke City,Victoria Ground
2,1st Division,1991-10-19,2,15,Chelsea,Stamford Bridge
2,UEFA Cup 2nd round 1st leg,1991-10-23,0,16,Auxerre,Stade de l'Abbé Deschamps
0,1st Division,1991-10-26,1,17,Coventry City,Anfield
2,League Cup 3rd round,1991-10-29,2,18,Port Vale,Anfield
2,1st Division,1991-11-02,1,19,Crystal Palace,Anfield
0,UEFA Cup 2nd round 2nd leg,1991-11-06,3,20,Auxerre,Anfield
0,1st Division,1991-11-17,0,21,West Ham United,Upton Park
1,League Cup 3rd round replay,1991-11-20,4,22,Port Vale,Vale Park
0,1st Division,1991-11-23,0,23,Wimbledon,Selhurst Park
0,UEFA Cup 3rd round 1st leg,1991-11-27,2,24,Swarowski Tirol,Tivoli
1,1st Division,1991-11-30,2,25,Norwich City,Anfield
1,League Cup 4th round,1991-12-03,0,26,Peterborough United,London Road
1,1st Division,1991-12-07,1,27,Southampton,The Dell
0,UEFA Cup 3rd round 2nd leg,1991-12-11,4,28,Swarowski Tirol,Anfield
0,1st Division,1991-12-14,2,29,Nottingham Forest,Anfield
1,1st Division,1991-12-18,2,30,Tottenham Hotspur,White Hart Lane
2,1st Division,1991-12-21,2,31,Manchester City,Anfield
0,1st Division,1991-12-26,0,32,Queens Park Rangers,Loftus Road
1,1st Division,1991-12-28,1,33,Everton,Goodison Park
1,1st Division,1992-01-01,2,34,Sheffield United,Anfield
0,FA Cup 3rd round,1992-01-06,4,35,Crewe Alexandra,Gresty Road
1,1st Division,1992-01-11,2,36,Luton Town,Anfield
2,1st Division,1992-01-18,3,37,Oldham Athletic,Boundary Park
0,1st Division,1992-01-29,2,38,Arsenal,Anfield
2,1st Division,1992-02-01,1,39,Chelsea,Anfield
1,FA Cup 4th round,1992-02-05,1,40,Bristol Rovers,Twerton Park
0,1st Division,1992-02-08,0,41,Coventry City,Highfield Road
1,FA Cup 4th round replay,1992-02-11,2,42,Bristol Rovers,Anfield
0,FA Cup 5th round,1992-02-16,0,43,Ipswich Town,Portman Road
3,1st Division,1992-02-22,0,44,Norwich City,Carrow Road
2,FA Cup 5th round replay,1992-02-26,3,45,Ipswich Town,Anfield
0,1st Division,1992-02-29,0,46,Southampton,Anfield
2,UEFA Cup 4th round 1st leg,1992-03-04,0,47,Genoa,Stadio Luigi Ferraris
0,FA Cup 6th round,1992-03-08,1,48,Aston Villa,Anfield
0,1st Division,1992-03-11,1,49,West Ham United,Anfield
1,1st Division,1992-03-14,0,50,Crystal Palace,Selhurst Park
2,UEFA Cup 4th round 2nd leg,1992-03-18,1,51,Genoa,Anfield
1,1st Division,1992-03-21,2,52,Tottenham Hotspur,Anfield
2,1st Division,1992-03-28,0,53,Sheffield United,Bramall Lane
0,1st Division,1992-03-31,4,54,Notts County,Anfield
1,FA Cup Semi-final,1992-04-05,1,55,Portsmouth,Highbury
3,1st Division,1992-04-08,2,56,Wimbledon,Anfield
1,1st Division,1992-04-11,0,57,Aston Villa,Villa Park
0,FA Cup Semi-final replay,1992-04-13,0,58,Portsmouth,Villa Park
0,1st Division,1992-04-18,0,59,Leeds United,Anfield
4,1st Division,1992-04-20,0,60,Arsenal,Highbury
1,1st Division,1992-04-22,1,61,Nottingham Forest,City Ground
0,1st Division,1992-04-26,2,62,Manchester United,Anfield
0,1st Division,1992-05-02,0,63,Sheffield Wednesday,Hillsborough
0,FA Cup Final,1992-05-09,2,64,Sunderland,Wembley
0,Premier League,1993-08-14,2,1,Sheffield Wednesday,Anfield
1,Premier League,1993-08-18,3,2,Queens Park Rangers,Loftus Road
0,Premier League,1993-08-22,5,3,Swindon Town,County Ground
2,Premier League,1993-08-25,1,4,Tottenham Hotspur,Anfield
0,Premier League,1993-08-28,2,5,Leeds United,Anfield
1,Premier League,1993-09-01,0,6,Coventry City,Highfield Road
1,Premier League,1993-09-12,0,7,Blackburn Rovers,Anfield
2,Premier League,1993-09-18,0,8,Everton,Goodison Park
1,League Cup 2nd round 1st leg,1993-09-22,3,9,Fulham,Craven Cottage
1,Premier League,1993-09-25,0,10,Chelsea,Stamford Bridge
0,Premier League,1993-10-02,0,11,Arsenal,Anfield
0,League Cup 2nd round 2nd leg,1993-10-05,5,12,Fulham,Anfield
1,Premier League,1993-10-16,2,13,Oldham Athletic,Anfield
1,Premier League,1993-10-23,1,14,Manchester City,Maine Road
2,League Cup 3rd round,1993-10-27,3,15,Ipswich Town,Anfield
2,Premier League,1993-10-30,4,16,Southampton,Anfield
0,Premier League,1993-11-06,2,17,West Ham United,Anfield
3,Premier League,1993-11-21,0,18,Newcastle United,St James' Park
1,Premier League,1993-11-28,2,19,Aston Villa,Anfield
1,League Cup 4th round,1993-12-01,1,20,Wimbledon,Anfield
3,Premier League,1993-12-04,1,21,Sheffield Wednesday,Hillsborough
2,Premier League,1993-12-08,3,22,Queens Park Rangers,Anfield
2,Premier League,1993-12-11,2,23,Swindon Town,Anfield
2,League Cup 4th round replay,1993-12-14,2,24,Wimbledon,Selhurst Park
3,Premier League,1993-12-18,3,25,Tottenham Hotspur,White Hart Lane
0,Premier League,1993-12-26,0,26,Sheffield United,Bramall Lane
1,Premier League,1993-12-28,1,27,Wimbledon,Anfield
1,Premier League,1994-01-01,2,28,Ipswich Town,Portman Road
3,Premier League,1994-01-04,3,29,Manchester United,Anfield
0,Premier League,1994-01-15,3,30,Oldham Athletic,Boundary Park
1,FA Cup 3rd round,1994-01-19,1,31,Bristol City,Ashton Gate
1,Premier League,1994-01-22,2,32,Manchester City,Anfield
1,FA Cup 3rd round replay,1994-01-25,0,33,Bristol City,Anfield
2,Premier League,1994-02-05,2,34,Norwich City,Carrow Road
4,Premier League,1994-02-14,2,35,Southampton,The Dell
2,Premier League,1994-02-19,0,36,Leeds United,Elland Road
0,Premier League,1994-02-26,1,37,Coventry City,Anfield
2,Premier League,1994-03-05,0,38,Blackburn Rovers,Ewood Park
1,Premier League,1994-03-13,2,39,Everton,Anfield
1,Premier League,1994-03-19,2,40,Chelsea,Anfield
1,Premier League,1994-03-26,0,41,Arsenal,Highbury
1,Premier League,1994-03-30,0,42,Manchester United,Old Trafford
2,Premier League,1994-04-02,1,43,Sheffield United,Anfield
1,Premier League,1994-04-04,1,44,Wimbledon,Selhurst Park
0,Premier League,1994-04-09,1,45,Ipswich Town,Anfield
2,Premier League,1994-04-16,0,46,Newcastle United,Anfield
1,Premier League,1994-04-23,2,47,West Ham United,Upton Park
1,Premier League,1994-04-30,0,48,Norwich City,Anfield
2,Premier League,1994-05-07,1,49,Aston Villa,Villa Park
1,Premier League,1994-08-20,6,1,Crystal Palace,Selhurst Park
0,Premier League,1994-08-28,3,2,Arsenal,Anfield
0,Premier League,1994-08-31,2,3,Southampton,The Dell
0,Premier League,1994-09-10,0,4,West Ham United,Anfield
2,Premier League,1994-09-17,0,5,Manchester United,Old Trafford
0,League Cup 2nd round 1st leg,1994-09-21,2,6,Burnley,Anfield
1,Premier League,1994-09-24,1,7,Newcastle United,St James' Park
1,Premier League,1994-10-01,4,8,Sheffield Wednesday,Anfield
1,League Cup 2nd round 2nd leg,1994-10-05,4,9,Burnley,Turf Moor
2,Premier League,1994-10-08,3,10,Aston Villa,Anfield
3,Premier League,1994-10-15,2,11,Blackburn Rovers,Ewood Park
0,Premier League,1994-10-22,3,12,Wimbledon,Anfield
1,League Cup 3rd round,1994-10-25,2,13,Stoke City,Anfield
1,Premier League,1994-10-29,3,14,Ipswich Town,Portman Road
2,Premier League,1994-10-31,1,15,Queens Park Rangers,Loftus Road
0,Premier League,1994-11-05,1,16,Nottingham Forest,Anfield
1,Premier League,1994-11-09,3,17,Chelsea,Anfield
2,Premier League,1994-11-21,0,18,Everton,Goodison Park
1,Premier League,1994-11-26,1,19,Tottenham Hotspur,Anfield
1,League Cup 4th round,1994-11-30,3,20,Blackburn Rovers,Ewood Park
1,Premier League,1994-12-03,1,21,Coventry City,Highfield Road
0,Premier League,1994-12-11,0,22,Crystal Palace,Anfield
0,Premier League,1994-12-18,0,23,Chelsea,Stamford Bridge
1,Premier League,1994-12-26,2,24,Leicester City,Filbert Street
0,Premier League,1994-12-28,2,25,Manchester City,Anfield
0,Premier League,1994-12-31,2,26,Leeds United,Elland Road
0,Premier League,1995-01-02,4,27,Norwich City,Anfield
0,FA Cup 3rd round,1995-01-07,0,28,Birmingham City,St Andrews
0,League Cup 5th round ,1995-01-11,1,29,Arsenal,Anfield
1,Premier League,1995-01-14,0,30,Ipswich Town,Anfield
1,FA Cup 3rd round replay,1995-01-18,1,31,Birmingham City,Anfield
0,Premier League,1995-01-24,0,32,Everton,Anfield
0,FA Cup 4th round,1995-01-28,0,33,Burnley,Turf Moor
1,Premier League,1995-02-04,1,34,Nottingham Forest,City Ground
0,FA Cup 4th round replay,1995-02-07,1,35,Burnley,Anfield
1,Premier League,1995-02-11,1,36,Queens Park Rangers,Anfield
0,League Cup Semi-final 1st leg,1995-02-15,1,37,Crystal Palace,Anfield
1,FA Cup 5th round,1995-02-19,1,38,Wimbledon,Anfield
1,Premier League,1995-02-25,2,39,Sheffield Wednesday,Hillsborough
0,FA Cup 5th round replay,1995-02-28,2,40,Wimbledon,Selhurst Park
0,Premier League,1995-03-04,2,41,Newcastle United,Anfield
0,League Cup Semi-final 2nd leg,1995-03-08,1,42,Crystal Palace,Selhurst Park
2,FA Cup 6th round,1995-03-11,1,43,Tottenham Hotspur,Anfield
3,Premier League,1995-03-14,2,44,Coventry City,Anfield
0,Premier League,1995-03-19,2,45,Manchester United,Anfield
0,Premier League,1995-03-22,0,46,Tottenham Hotspur,White Hart Lane
1,League Cup Final ,1995-04-02,2,47,Bolton Wanderers,Wembley
1,Premier League,1995-04-05,3,48,Southampton,Anfield
1,Premier League,1995-04-09,0,49,Leeds United,Anfield
0,Premier League,1995-04-12,1,50,Arsenal,Highbury
2,Premier League,1995-04-14,1,51,Manchester City,Maine Road
0,Premier League,1995-04-17,2,52,Leicester City,Anfield
1,Premier League,1995-04-29,2,53,Norwich City,Carrow Road
0,Premier League,1995-05-02,0,54,Wimbledon,Selhurst Park
2,Premier League,1995-05-06,0,55,Aston Villa,Villa Park
3,Premier League,1995-05-10,0,56,West Ham United,Upton Park
1,Premier League,1995-05-14,2,57,Blackburn Rovers,Anfield
0,Premier League,1995-08-19,1,1,Sheffield Wednesday,Anfield
1,Premier League,1995-08-21,0,2,Leeds United,Elland Road
1,Premier League,1995-08-26,3,3,Tottenham Hotspur,White Hart Lane
0,Premier League,1995-08-30,1,4,Queens Park Rangers,Anfield
1,Premier League,1995-09-09,0,5,Wimbledon,Selhurst Park
1,UEFA Cup 1st round 1st leg,1995-09-12,2,6,Spartak Vladikavkaz,Spartak Stadium
0,Premier League,1995-09-16,3,7,Blackburn Rovers,Anfield
0,League Cup 2nd round 1st leg,1995-09-20,2,8,Sunderland,Anfield
2,Premier League,1995-09-23,5,9,Bolton Wanderers,Anfield
0,UEFA Cup 1st round 2nd leg,1995-09-26,0,10,Spartak Vladikavkaz,Anfield
2,Premier League,1995-10-01,2,11,Manchester United,Old Trafford
0,League Cup 2nd round 2nd leg,1995-10-04,1,12,Sunderland,Roker Park
0,Premier League,1995-10-14,0,13,Coventry City,Anfield
0,UEFA Cup 2nd round 1st leg,1995-10-17,0,14,Brøndby,Parken
1,Premier League,1995-10-22,3,15,Southampton,The Dell
0,League Cup 3rd round,1995-10-25,4,16,Manchester City,Anfield
0,Premier League,1995-10-28,6,17,Manchester City,Anfield
1,UEFA Cup 2nd round 2nd leg,1995-10-31,0,18,Brøndby,Anfield
2,Premier League,1995-11-04,1,19,Newcastle United,St James' Park
2,Premier League,1995-11-18,1,20,Everton,Anfield
0,Premier League,1995-11-22,0,21,West Ham United,Upton Park
2,Premier League,1995-11-25,1,22,Middlesbrough,Riverside
1,League Cup 4th round,1995-11-29,0,23,Newcastle United,Anfield
1,Premier League,1995-12-02,1,24,Southampton,Anfield
0,Premier League,1995-12-09,1,25,Bolton Wanderers,Burnden Park
0,Premier League,1995-12-17,2,26,Manchester United,Anfield
1,Premier League,1995-12-23,3,27,Arsenal,Anfield
2,Premier League,1995-12-30,2,28,Chelsea,Stamford Bridge
2,Premier League,1996-01-01,4,29,Nottingham Forest,Anfield
0,FA Cup 3rd round,1996-01-06,7,30,Rochdale,Anfield
1,Premier League,1996-01-13,1,31,Sheffield Wednesday,Hillsborough
0,Premier League,1996-01-20,5,32,Leeds United,Anfield
0,Premier League,1996-01-31,2,33,Aston Villa,Villa Park
0,Premier League,1996-02-03,0,34,Tottenham Hotspur,Anfield
1,Premier League,1996-02-11,2,35,Queens Park Rangers,Loftus Road
0,FA Cup 4th round,1996-02-18,4,36,Shrewsbury Town,Gay Meadow
2,Premier League,1996-02-24,3,37,Blackburn Rovers,Ewood Park
1,FA Cup 5th round,1996-02-28,2,38,Charlton Athletic,Anfield
0,Premier League,1996-03-03,3,39,Aston Villa,Anfield
0,FA Cup 6th round,1996-03-10,0,40,Leeds United,Elland Road
2,Premier League,1996-03-13,2,41,Wimbledon,Anfield
0,Premier League,1996-03-16,2,42,Chelsea,Anfield
0,FA Cup 6th round replay,1996-03-20,3,43,Leeds United,Anfield
1,Premier League,1996-03-23,0,44,Nottingham Forest,City Ground
0,FA Cup Semi-final,1996-03-31,3,45,Aston Villa,Old Trafford
3,Premier League,1996-04-03,4,46,Newcastle United,Anfield
1,Premier League,1996-04-06,0,47,Coventry City,Highfield Road
0,Premier League,1996-04-08,2,48,West Ham United,Anfield
1,Premier League,1996-04-16,1,49,Everton,Goodison Park
0,Premier League,1996-04-27,1,50,Middlesbrough,Anfield
0,Premier League,1996-05-01,0,51,Arsenal,Highbury
2,Premier League,1996-05-05,2,52,Manchester City,Maine Road
1,FA Cup Final,1996-05-11,0,53,Manchester United,Wembley
3,Premier League,1996-08-17,3,1,Middlesbrough,Riverside
0,Premier League,1996-08-19,2,2,Arsenal,Anfield
0,Premier League,1996-08-24,0,3,Sunderland,Anfield
0,Premier League,1996-09-04,1,4,Coventry City,Highfield Road
1,Premier League,1996-09-07,2,5,Southampton,Anfield
0,European Cup Winners' Cup 1st round 1st leg,1996-09-12,1,6,Mypa 47,Saviniemi
0,Premier League,1996-09-15,3,7,Leicester City,Filbert Street
1,Premier League,1996-09-21,5,8,Chelsea,Anfield
1,European Cup Winners' Cup 1st round 2nd leg,1996-09-26,3,9,Mypa 47,Anfield
1,Premier League,1996-09-29,2,10,West Ham United,Upton Park
1,Premier League,1996-10-12,0,11,Manchester United,Old Trafford
1,European Cup Winners' Cup 2nd round 1st leg,1996-10-17,2,12,Sion,Stade de Tourbillon 
1,League Cup 3rd round,1996-10-23,1,13,Charlton Athletic,The Valley
1,Premier League,1996-10-27,2,14,Derby County,Anfield
3,European Cup Winners' Cup 2nd round 2nd leg,1996-10-31,6,15,Sion,Anfield
3,Premier League,1996-11-03,0,16,Blackburn Rovers,Ewood Park
1,League Cup 3rd round replay,1996-11-13,4,17,Charlton Athletic,Anfield
0,Premier League,1996-11-16,2,18,Leeds United,Elland Road
1,Premier League,1996-11-20,1,19,Everton,Anfield
1,Premier League,1996-11-23,1,20,Wimbledon,Anfield
2,League Cup 4th round,1996-11-27,4,21,Arsenal,Anfield
0,Premier League,1996-12-02,2,22,Tottenham Hotspur,White Hart Lane
1,Premier League,1996-12-07,0,23,Sheffield Wednesday,Anfield
1,Premier League,1996-12-14,5,24,Middlesbrough,Anfield
2,Premier League,1996-12-17,4,25,Nottingham Forest,Anfield
1,Premier League,1996-12-23,1,26,Newcastle United,St James' Park
1,Premier League,1996-12-26,1,27,Leicester City,Anfield
0,Premier League,1996-12-29,1,28,Southampton,The Dell
1,Premier League,1997-01-01,0,29,Chelsea,Stamford Bridge
0,FA Cup 3rd round,1997-01-04,1,30,Burnley,Anfield
2,League Cup 5th round ,1997-01-08,1,31,Middlesbrough,Riverside
0,Premier League,1997-01-11,0,32,West Ham United,Anfield
0,Premier League,1997-01-18,3,33,Aston Villa,Anfield
4,FA Cup 4th round,1997-01-26,2,34,Chelsea,Stamford Bridge
0,Premier League,1997-02-01,1,35,Derby County,Baseball Ground
0,Premier League,1997-02-19,4,36,Leeds United,Anfield
0,Premier League,1997-02-22,0,37,Blackburn Rovers,Anfield
1,Premier League,1997-03-02,0,38,Aston Villa,Villa Park
1,European Cup Winners Cup 3rd round 1st leg,1997-03-06,1,39,Brann,Brann Stadion
3,Premier League,1997-03-10,4,40,Newcastle United,Anfield
1,Premier League,1997-03-15,1,41,Nottingham Forest,City Ground
0,European Cup Winners Cup 3rd round 2nd leg,1997-03-20,3,42,Brann,Anfield
1,Premier League,1997-03-24,2,43,Arsenal,Highbury
2,Premier League,1997-04-06,1,44,Coventry City,Anfield
3,European Cup Winners' Cup Semi-Final 1st leg,1997-04-10,0,45,Paris St Germain,Parc des Princes
1,Premier League,1997-04-13,2,46,Sunderland,Roker Park
1,Premier League,1997-04-16,1,47,Everton,Goodison Park
3,Premier League,1997-04-19,1,48,Manchester United,Anfield
0,European Cup Winners' Cup Semi-Final 2nd leg,1997-04-24,2,49,Paris St Germain,Anfield
1,Premier League,1997-05-03,2,50,Tottenham Hotspur,Anfield
2,Premier League,1997-05-06,1,51,Wimbledon,Selhurst Park
1,Premier League,1997-05-11,1,52,Sheffield Wednesday,Hillsborough
1,Premier League,1997-08-09,1,1,Wimbledon,Selhurst Park
2,Premier League,1997-08-13,1,2,Leicester City,Anfield
1,Premier League,1997-08-23,1,3,Blackburn Rovers,Ewood Park
0,Premier League,1997-08-26,2,4,Leeds United,Elland Road
1,Premier League,1997-09-13,2,5,Sheffield Wednesday,Anfield
2,UEFA Cup 1st round 1st leg,1997-09-16,2,6,Celtic,Celtic Park
1,Premier League,1997-09-20,1,7,Southampton,The Dell
0,Premier League,1997-09-22,3,8,Aston Villa,Anfield
2,Premier League,1997-09-27,1,9,West Ham United,Upton Park
0,UEFA Cup 1st round 2nd leg,1997-09-30,0,10,Celtic,Anfield
2,Premier League,1997-10-05,4,11,Chelsea,Anfield
0,League Cup 3rd round,1997-10-15,2,12,West Bromwich Albion,The Hawthorns
2,Premier League,1997-10-18,0,13,Everton,Goodison Park
3,UEFA Cup 2nd round 1st leg,1997-10-21,0,14,Strasbourg,Stade de la Meinau
0,Premier League,1997-10-25,4,15,Derby County,Anfield
1,Premier League,1997-11-01,1,16,Bolton Wanderers,Reebok Stadium
0,UEFA Cup 2nd round 2nd leg,1997-11-04,2,17,Strasbourg,Anfield
0,Premier League,1997-11-08,4,18,Tottenham Hotspur,Anfield
0,League Cup 4th round,1997-11-18,3,19,Grimsby Town,Anfield
1,Premier League,1997-11-22,0,20,Barnsley,Anfield
0,Premier League,1997-11-30,1,21,Arsenal,Highbury
3,Premier League,1997-12-06,1,22,Manchester United,Anfield
0,Premier League,1997-12-13,3,23,Crystal Palace,Selhurst Park
0,Premier League,1997-12-20,1,24,Coventry City,Anfield
1,Premier League,1997-12-26,3,25,Leeds United,Anfield
1,Premier League,1997-12-28,2,26,Newcastle United,St James' Park
3,FA Cup 3rd round,1998-01-03,1,27,Coventry City,Anfield
0,League Cup 5th round ,1998-01-07,2,28,Newcastle United,St James' Park
0,Premier League,1998-01-10,2,29,Wimbledon,Anfield
0,Premier League,1998-01-17,0,30,Leicester City,Filbert Street
0,Premier League,1998-01-20,1,31,Newcastle United,Anfield
1,League Cup Semi-final 1st leg,1998-01-27,2,32,Middlesbrough,Anfield
0,Premier League,1998-01-31,0,33,Blackburn Rovers,Anfield
3,Premier League,1998-02-07,2,34,Southampton,Anfield
3,Premier League,1998-02-14,3,35,Sheffield Wednesday,Hillsborough
2,League Cup Semi-final 2nd leg,1998-02-18,0,36,Middlesbrough,Riverside
1,Premier League,1998-02-23,1,37,Everton,Anfield
2,Premier League,1998-02-28,1,38,Aston Villa,Villa Park
1,Premier League,1998-03-07,2,39,Bolton Wanderers,Anfield
3,Premier League,1998-03-14,3,40,Tottenham Hotspur,White Hart Lane
2,Premier League,1998-03-28,3,41,Barnsley,Oakwell
1,Premier League,1998-04-10,1,42,Manchester United,Old Trafford
1,Premier League,1998-04-13,2,43,Crystal Palace,Anfield
1,Premier League,1998-04-19,1,44,Coventry City,Highfield Road
4,Premier League,1998-04-25,1,45,Chelsea,Stamford Bridge
0,Premier League,1998-05-02,5,46,West Ham United,Anfield
0,Premier League,1998-05-06,4,47,Arsenal,Anfield
1,Premier League,1998-05-10,0,48,Derby County,Pride Park
1,Premier League,1998-08-16,2,1,Southampton,The Dell
0,Premier League,1998-08-22,0,2,Arsenal,Anfield
1,Premier League,1998-08-30,4,3,Newcastle United,St James' Park
0,Premier League,1998-09-09,2,4,Coventry City,Anfield
2,Premier League,1998-09-12,1,5,West Ham United,Upton Park
0,UEFA Cup 1st round 1st leg,1998-09-15,3,6,Kosice,Lokomotiva Stadium
3,Premier League,1998-09-19,3,7,Charlton Athletic,Anfield
2,Premier League,1998-09-24,0,8,Manchester United,Old Trafford
0,UEFA Cup 1st round 2nd leg,1998-09-29,5,9,Kosice,Anfield
1,Premier League,1998-10-04,1,10,Chelsea,Anfield
0,Premier League,1998-10-17,0,11,Everton,Goodison Park
0,UEFA Cup 2nd round 1st leg,1998-10-20,0,12,Valencia,Anfield
1,Premier League,1998-10-24,5,13,Nottingham Forest,Anfield
1,League Cup 3rd round,1998-10-27,3,14,Fulham,Anfield
1,Premier League,1998-10-31,0,15,Leicester City,Filbert Street
2,UEFA Cup 2nd round 2nd leg,1998-11-03,2,16,Valencia,Mestalla
2,Premier League,1998-11-07,1,17,Derby County,Anfield
3,League Cup 4th round,1998-11-10,1,18,Tottenham Hotspur,Anfield
3,Premier League,1998-11-14,1,19,Leeds United,Anfield
2,Premier League,1998-11-21,4,20,Aston Villa,Villa Park
3,UEFA Cup 3rd round 1st leg,1998-11-24,1,21,Celta Vigo,Estadio Balaidos 
0,Premier League,1998-11-29,2,22,Blackburn Rovers,Anfield
2,Premier League,1998-12-05,1,23,Tottenham Hotspur,White Hart Lane
1,UEFA Cup 3rd round 2nd leg,1998-12-08,0,24,Celta Vigo,Anfield
1,Premier League,1998-12-13,0,25,Wimbledon,Selhurst Park
0,Premier League,1998-12-19,2,26,Sheffield Wednesday,Anfield
1,Premier League,1998-12-26,3,27,Middlesbrough,Riverside
2,Premier League,1998-12-28,4,28,Newcastle United,Anfield
0,FA Cup 3rd round,1999-01-03,3,29,Port Vale,Vale Park
0,Premier League,1999-01-09,0,30,Arsenal,Highbury
1,Premier League,1999-01-16,7,31,Southampton,Anfield
2,FA Cup 4th round,1999-01-24,1,32,Manchester United,Old Trafford
2,Premier League,1999-01-30,1,33,Coventry City,Highfield Road
1,Premier League,1999-02-06,3,34,Middlesbrough,Anfield
1,Premier League,1999-02-13,0,35,Charlton Athletic,The Valley
2,Premier League,1999-02-20,2,36,West Ham United,Anfield
2,Premier League,1999-02-27,1,37,Chelsea,Stamford Bridge
3,Premier League,1999-03-13,2,38,Derby County,Pride Park
2,Premier League,1999-04-03,3,39,Everton,Anfield
2,Premier League,1999-04-05,2,40,Nottingham Forest,City Ground
0,Premier League,1999-04-12,0,41,Leeds United,Elland Road
1,Premier League,1999-04-17,0,42,Aston Villa,Anfield
1,Premier League,1999-04-21,0,43,Leicester City,Anfield
1,Premier League,1999-04-24,3,44,Blackburn Rovers,Ewood Park
2,Premier League,1999-05-01,3,45,Tottenham Hotspur,Anfield
2,Premier League,1999-05-05,2,46,Manchester United,Anfield
1,Premier League,1999-05-08,0,47,Sheffield Wednesday,Hillsborough
0,Premier League,1999-05-16,3,48,Wimbledon,Anfield
0,Premier League,2000-08-19,1,1,Bradford City,Anfield
2,Premier League,2000-08-21,0,2,Arsenal,Highbury
3,Premier League,2000-08-26,3,3,Southampton,The Dell
1,Premier League,2000-09-06,3,4,Aston Villa,Anfield
2,Premier League,2000-09-09,3,5,Manchester City,Anfield
0,UEFA Cup 1st round 1st leg,2000-09-14,1,6,Rapid Bucharest,Stadionul Giulesti
1,Premier League,2000-09-17,1,7,West Ham United,Upton Park
1,Premier League,2000-09-23,1,8,Sunderland,Anfield
0,UEFA Cup 1st round 2nd leg,2000-09-28,0,9,Rapid Bucharest,Anfield
3,Premier League,2000-10-01,0,10,Chelsea,Stamford Bridge
0,Premier League,2000-10-15,4,11,Derby County,Pride Park
0,Premier League,2000-10-21,1,12,Leicester City,Anfield
0,UEFA Cup 2nd round 1st leg,2000-10-26,1,13,Slovan Liberec,Anfield
1,Premier League,2000-10-29,3,14,Everton,Anfield
1,League Cup 3rd round,2000-11-01,2,15,Chelsea,Anfield
4,Premier League,2000-11-04,3,16,Leeds United,Elland Road
2,UEFA Cup 2nd round 2nd leg,2000-11-09,3,17,Slovan Liberec,U Nisy Stadium
1,Premier League,2000-11-12,4,18,Coventry City,Anfield
2,Premier League,2000-11-19,1,19,Tottenham Hotspur,White Hart Lane
2,UEFA Cup 3rd round 1st leg,2000-11-23,2,20,Olympiacos,Olympiako Stadio Athinas
2,Premier League,2000-11-26,1,21,Newcastle United,St James' Park
0,League Cup 4th round,2000-11-29,8,22,Stoke City,Britannia Stadium
0,Premier League,2000-12-02,3,23,Charlton Athletic,Anfield
0,UEFA Cup 3rd round 2nd leg,2000-12-07,2,24,Olympiacos,Anfield
1,Premier League,2000-12-10,0,25,Ipswich Town,Anfield
0,League Cup 5th round ,2000-12-13,3,26,Fulham,Anfield
0,Premier League,2000-12-17,1,27,Manchester United,Old Trafford
0,Premier League,2000-12-23,4,28,Arsenal,Anfield
1,Premier League,2000-12-26,0,29,Middlesbrough,Riverside
1,Premier League,2001-01-01,2,30,Southampton,Anfield
0,FA Cup 3rd round,2001-01-06,3,31,Rotherham United,Anfield
2,League Cup Semi-final 1st leg,2001-01-10,1,32,Crystal Palace,Selhurst Park
0,Premier League,2001-01-13,3,33,Aston Villa,Villa Park
0,Premier League,2001-01-20,0,34,Middlesbrough,Anfield
0,League Cup Semi-final 2nd leg,2001-01-24,5,35,Crystal Palace,Anfield
0,FA Cup 4th round,2001-01-27,2,36,Leeds United,Elland Road
1,Premier League,2001-01-31,1,37,Manchester City,Maine Road
0,Premier League,2001-02-03,3,38,West Ham United,Anfield
1,Premier League,2001-02-10,1,39,Sunderland,Stadium of Light
0,UEFA Cup 4th round 1st leg,2001-02-15,2,40,Roma,Stadio Olimpico
2,FA Cup 5th round,2001-02-18,4,41,Manchester City,Anfield
1,UEFA Cup 4th round 2nd leg,2001-02-22,0,42,Roma,Anfield
1,League Cup Final ,2001-02-25,1,43,Birmingham City,Millennium Stadium
2,Premier League,2001-03-03,0,44,Leicester City,Filbert Street
0,UEFA Cup 5th round 1st leg,2001-03-08,0,45,Porto,Estadio Das Antas
2,FA Cup 6th round,2001-03-11,4,46,Tranmere Rovers,Prenton Park
0,UEFA Cup 5th round 2nd leg,2001-03-15,2,47,Porto,Anfield
1,Premier League,2001-03-18,1,48,Derby County,Anfield
0,Premier League,2001-03-31,2,49,Manchester United,Anfield
0,UEFA Cup Semi-final 1st leg,2001-04-05,0,50,Barcelona,Nou Camp
1,FA Cup Semi-final,2001-04-08,2,51,Wycombe Wanderers,Villa Park
1,Premier League,2001-04-10,1,52,Ipswich Town,Portman Road
2,Premier League,2001-04-13,1,53,Leeds United,Anfield
2,Premier League,2001-04-16,3,54,Everton,Goodison Park
0,UEFA Cup Semi-final 2nd leg,2001-04-19,1,55,Barcelona,Anfield
1,Premier League,2001-04-22,3,56,Tottenham Hotspur,Anfield
0,Premier League,2001-04-28,2,57,Coventry City,Highfield Road
0,Premier League,2001-05-01,2,58,Bradford City,Valley Parade
0,Premier League,2001-05-05,3,59,Newcastle United,Anfield
2,Premier League,2001-05-08,2,60,Chelsea,Anfield
1,FA Cup Final,2001-05-12,2,61,Arsenal,Millennium Stadium
4,UEFA Cup Final,2001-05-16,5,62,Alaves,Westfalen Stadion
0,Premier League,2001-05-19,4,63,Charlton Athletic,The Valley
1,Premier League,1999-08-07,2,1,Sheffield Wednesday,Hillsborough
1,Premier League,1999-08-14,0,2,Watford,Anfield
1,Premier League,1999-08-21,0,3,Middlesbrough,Riverside
1,Premier League,1999-08-23,2,4,Leeds United,Elland Road
0,Premier League,1999-08-28,2,5,Arsenal,Anfield
3,Premier League,1999-09-11,2,6,Manchester United,Anfield
1,League Cup 2nd round 1st leg,1999-09-14,5,7,Hull City,Boothferry Park
2,Premier League,1999-09-18,2,8,Leicester City,Filbert Street
2,League Cup 2nd round 2nd leg,1999-09-21,4,9,Hull City,Anfield
1,Premier League,1999-09-27,0,10,Everton,Anfield
0,Premier League,1999-10-02,0,11,Aston Villa,Villa Park
2,League Cup 3rd round,1999-10-13,1,12,Southampton,The Dell
0,Premier League,1999-10-16,1,13,Chelsea,Anfield
1,Premier League,1999-10-23,1,14,Southampton,The Dell
0,Premier League,1999-10-27,1,15,West Ham United,Anfield
1,Premier League,1999-11-01,3,16,Bradford City,Anfield
0,Premier League,1999-11-06,2,17,Derby County,Anfield
0,Premier League,1999-11-20,2,18,Sunderland,Stadium of Light
1,Premier League,1999-11-27,0,19,West Ham United,Upton Park
1,Premier League,1999-12-05,4,20,Sheffield Wednesday,Anfield
0,FA Cup 3rd round,1999-12-12,2,21,Huddersfield Town,Kirklees Stadium
0,Premier League,1999-12-18,2,22,Coventry City,Anfield
2,Premier League,1999-12-26,2,23,Newcastle United,St James' Park
1,Premier League,1999-12-28,3,24,Wimbledon,Anfield
1,Premier League,2000-01-03,0,25,Tottenham Hotspur,White Hart Lane
1,FA Cup 4th round,2000-01-10,0,26,Blackburn Rovers,Anfield
2,Premier League,2000-01-15,3,27,Watford,Vicarage Road
0,Premier League,2000-01-22,0,28,Middlesbrough,Anfield
1,Premier League,2000-02-05,3,29,Leeds United,Anfield
0,Premier League,2000-02-13,1,30,Arsenal,Highbury
1,Premier League,2000-03-04,1,31,Manchester United,Old Trafford
1,Premier League,2000-03-11,1,32,Sunderland,Anfield
0,Premier League,2000-03-15,0,33,Aston Villa,Anfield
0,Premier League,2000-03-18,2,34,Derby County,Pride Park
1,Premier League,2000-03-25,2,35,Newcastle United,Anfield
0,Premier League,2000-04-01,3,36,Coventry City,Highfield Road
0,Premier League,2000-04-09,2,37,Tottenham Hotspur,Anfield
1,Premier League,2000-04-16,2,38,Wimbledon,Selhurst Park
0,Premier League,2000-04-21,0,39,Everton,Goodison Park
2,Premier League,2000-04-29,0,40,Chelsea,Stamford Bridge
2,Premier League,2000-05-03,0,41,Leicester City,Anfield
0,Premier League,2000-05-07,0,42,Southampton,Anfield
1,Premier League,2000-05-14,0,43,Bradford City,Valley Parade
0,Champions League Qualifier 1st leg,2001-08-08,5,1,Haka,Olympia Stadion
1,Charity Shield,2001-08-12,2,2,Manchester United,Millennium Stadium
1,Premier League,2001-08-18,2,3,West Ham United,Anfield
1,Champions League Qualifier 2nd leg,2001-08-21,4,4,Haka,Anfield
2,European Super Cup,2001-08-24,3,5,Bayern Munich,Stade Louis II
2,Premier League,2001-08-27,1,6,Bolton Wanderers,Reebok Stadium
3,Premier League,2001-09-08,1,7,Aston Villa,Anfield
1,Champions League First Group Phase,2001-09-11,1,8,Boavista,Anfield
1,Premier League,2001-09-15,3,9,Everton,Goodison Park
0,Champions League First Group Phase,2001-09-19,0,10,Borussia Dortmund,Westfalen Stadion
0,Premier League,2001-09-22,1,11,Tottenham Hotspur,Anfield
0,Champions League First Group Phase,2001-09-26,1,12,Dynamo Kiev,Anfield
0,Premier League,2001-09-30,2,13,Newcastle United,St James' Park
2,League Cup 3rd round,2001-10-09,1,14,Grimsby Town,Anfield
1,Premier League,2001-10-13,1,15,Leeds United,Anfield
1,Champions League First Group Phase,2001-10-16,2,16,Dynamo Kiev,Olympiysky Stadium
1,Premier League,2001-10-20,4,17,Leicester City,Filbert Street
1,Champions League First Group Phase,2001-10-24,1,18,Boavista,Estadio de Bessa
0,Premier League,2001-10-27,2,19,Charlton Athletic,The Valley
0,Champions League First Group Phase,2001-10-30,2,20,Borussia Dortmund,Anfield
1,Premier League,2001-11-04,3,21,Manchester United,Anfield
1,Premier League,2001-11-17,1,22,Blackburn Rovers,Ewood Park
3,Champions League Second Group Phase,2001-11-20,1,23,Barcelona,Anfield
0,Premier League,2001-11-25,1,24,Sunderland,Anfield
0,Premier League,2001-12-01,1,25,Derby County,Pride Park
0,Champions League Second Group Phase,2001-12-05,0,26,Roma,Stadio Olimpico
0,Premier League,2001-12-08,2,27,Middlesbrough,Anfield
0,Premier League,2001-12-12,0,28,Fulham,Anfield
4,Premier League,2001-12-16,0,29,Chelsea,Stamford Bridge
2,Premier League,2001-12-23,1,30,Arsenal,Anfield
1,Premier League,2001-12-26,2,31,Aston Villa,Villa Park
1,Premier League,2001-12-29,1,32,West Ham United,Upton Park
1,Premier League,2002-01-01,1,33,Bolton Wanderers,Anfield
0,FA Cup 3rd round,2002-01-05,3,34,Birmingham City,Anfield
2,Premier League,2002-01-09,0,35,Southampton,St Mary's
1,Premier League,2002-01-13,1,36,Arsenal,Highbury
1,Premier League,2002-01-19,1,37,Southampton,Anfield
0,Premier League,2002-01-22,1,38,Manchester United,Old Trafford
1,FA Cup 4th round,2002-01-27,0,39,Arsenal,Highbury
0,Premier League,2002-01-30,1,40,Leicester City,Anfield
0,Premier League,2002-02-03,4,41,Leeds United,Elland Road
0,Premier League,2002-02-09,6,42,Ipswich Town,Portman Road
0,Champions League Second Group Phase,2002-02-20,0,43,Galatasaray,Anfield
1,Premier League,2002-02-23,1,44,Everton,Anfield
1,Champions League Second Group Phase,2002-02-26,1,45,Galatasaray,Ali Sami Yen
0,Premier League,2002-03-02,2,46,Fulham,Craven Cottage
0,Premier League,2002-03-06,3,47,Newcastle United,Anfield
0,Champions League Second Group Phase,2002-03-13,0,48,Barcelona,Nou Camp
1,Premier League,2002-03-16,2,49,Middlesbrough,Riverside
0,Champions League Second Group Phase,2002-03-19,2,50,Roma,Anfield
0,Premier League,2002-03-24,1,51,Chelsea,Anfield
0,Premier League,2002-03-30,2,52,Charlton Athletic,Anfield
0,Champions League Quarter-final 1st leg,2002-04-03,1,53,Bayer Leverkusen,Anfield
4,Champions League Quarter-final 2nd leg,2002-04-09,2,54,Bayer Leverkusen,Bay Arena
0,Premier League,2002-04-13,1,55,Sunderland,Stadium of Light
0,Premier League,2002-04-20,2,56,Derby County,Anfield
1,Premier League,2002-04-27,0,57,Tottenham Hotspur,White Hart Lane
3,Premier League,2002-05-08,4,58,Blackburn Rovers,Anfield
0,Premier League,2002-05-11,5,59,Ipswich Town,Anfield
1,Community Shield,2002-08-11,0,1,Arsenal,Millennium Stadium
0,Premier League,2002-08-18,1,2,Aston Villa,Villa Park
0,Premier League,2002-08-24,3,3,Southampton,Anfield
2,Premier League,2002-08-28,2,4,Blackburn Rovers,Ewood Park
2,Premier League,2002-09-02,2,5,Newcastle United,Anfield
2,Premier League,2002-09-11,2,6,Birmingham City,Anfield
2,Premier League,2002-09-14,3,7,Bolton Wanderers,Reebok Stadium
2,Champions League First Group Phase,2002-09-17,0,8,Valencia,Mestalla
0,Premier League,2002-09-21,2,9,West Bromwich Albion,Anfield
1,Champions League First Group Phase,2002-09-25,1,10,Basel,Anfield
0,Premier League,2002-09-28,3,11,Manchester City,Maine Road
0,Champions League First Group Phase,2002-10-02,5,12,Spartak Moscow,Anfield
0,Premier League,2002-10-06,1,13,Chelsea,Anfield
0,Premier League,2002-10-19,1,14,Leeds United,Elland Road
1,Champions League First Group Phase,2002-10-22,3,15,Spartak Moscow,Dinamo Stadium
1,Premier League,2002-10-26,2,16,Tottenham Hotspur,Anfield
1,Champions League First Group Phase,2002-10-30,0,17,Valencia,Anfield
0,Premier League,2002-11-02,2,18,West Ham United,Anfield
1,League Cup 3rd round,2002-11-06,3,19,Southampton,Anfield
1,Premier League,2002-11-09,0,20,Middlesbrough,Riverside
3,Champions League First Group Phase,2002-11-12,3,21,Basel,Saint Jakob Stadium
0,Premier League,2002-11-17,0,22,Sunderland,Anfield
3,Premier League,2002-11-23,2,23,Fulham,Loftus Road
0,UEFA Cup 3rd round 1st leg,2002-11-28,1,24,Vitesse Arnhem,Gelredome
2,Premier League,2002-12-01,1,25,Manchester United,Anfield
1,League Cup 4th round,2002-12-04,1,26,Ipswich Town,Anfield
2,Premier League,2002-12-07,0,27,Charlton Athletic,The Valley
0,UEFA Cup 3rd round 2nd leg,2002-12-12,1,28,Vitesse Arnhem,Anfield
2,Premier League,2002-12-15,1,29,Sunderland,Stadium of Light
3,League Cup 5th round ,2002-12-18,4,30,Aston Villa,Villa Park
0,Premier League,2002-12-22,0,31,Everton,Anfield
1,Premier League,2002-12-26,1,32,Blackburn Rovers,Anfield
1,Premier League,2002-12-29,1,33,Arsenal,Highbury
1,Premier League,2003-01-01,0,34,Newcastle United,St James' Park
0,FA Cup 3rd round,2003-01-05,1,35,Manchester City,Maine Road
2,League Cup Semi-final 1st leg,2003-01-08,1,36,Sheffield United,Bramall Lane
1,Premier League,2003-01-11,1,37,Aston Villa,Anfield
0,Premier League,2003-01-18,1,38,Southampton,St Mary's
0,League Cup Semi-final 2nd leg,2003-01-21,2,39,Sheffield United,Anfield
0,FA Cup 4th round,2003-01-26,0,40,Crystal Palace,Selhurst Park
2,Premier League,2003-01-29,2,41,Arsenal,Anfield
0,Premier League,2003-02-02,3,42,West Ham United,Upton Park
2,FA Cup 4th round replay,2003-02-05,0,43,Crystal Palace,Anfield
1,Premier League,2003-02-08,1,44,Middlesbrough,Anfield
0,UEFA Cup 4th round 1st leg,2003-02-20,1,45,Auxerre,Stade de l'Abbé Deschamps
2,Premier League,2003-02-23,1,46,Birmingham City,St Andrews
0,UEFA Cup 4th round 2nd leg,2003-02-27,2,47,Auxerre,Anfield
0,League Cup Final ,2003-03-02,2,48,Manchester United,Millennium Stadium
0,Premier League,2003-03-08,2,49,Bolton Wanderers,Anfield
1,UEFA Cup 5th round 1st leg,2003-03-13,1,50,Celtic,Celtic Park
2,Premier League,2003-03-16,3,51,Tottenham Hotspur,White Hart Lane
2,UEFA Cup 5th round 2nd leg,2003-03-20,0,52,Celtic,Anfield
1,Premier League,2003-03-23,3,53,Leeds United,Anfield
4,Premier League,2003-04-05,0,54,Manchester United,Old Trafford
0,Premier League,2003-04-12,2,55,Fulham,Anfield
1,Premier League,2003-04-19,2,56,Everton,Goodison Park
1,Premier League,2003-04-21,2,57,Charlton Athletic,Anfield
0,Premier League,2003-04-26,6,58,West Bromwich Albion,The Hawthorns
2,Premier League,2003-05-03,1,59,Manchester City,Anfield
2,Premier League,2003-05-11,1,60,Chelsea,Stamford Bridge
3,Premier League,2017-08-12,3,1,Watford,Vicarage Road
1,Champions League Qualifier 1st leg,2017-08-15,2,2,TSG 1899 Hoffenheim,Rhein-Neckar-Arena
0,Premier League,2017-08-19,1,3,Crystal Palace,Anfield
2,Champions League Qualifier 2nd leg,2017-08-23,4,4,TSG 1899 Hoffenheim,Anfield
0,Premier League,2017-08-27,4,5,Arsenal,Anfield
5,Premier League,2017-09-09,0,6,Manchester City,Etihad Stadium
2,Champions League First Group Phase,2017-09-13,2,7,Sevilla,Anfield
1,Premier League,2017-09-16,1,8,Burnley,Anfield
2,League Cup 3rd round,2017-09-19,0,9,Leicester City,The Walkers Stadium
2,Premier League,2017-09-23,3,10,Leicester City,The Walkers Stadium
1,Champions League First Group Phase,2017-09-26,1,11,Spartak Moscow,Otkrytiye Arena
1,Premier League,2017-10-01,1,12,Newcastle United,St James' Park
0,Premier League,2017-10-14,0,13,Manchester United,Anfield
0,Champions League First Group Phase,2017-10-17,7,14,NK Maribor,Ljudski vrt
4,Premier League,2017-10-22,1,15,Tottenham Hotspur,Wembley
0,Premier League,2017-10-28,3,16,Huddersfield Town,Anfield
0,Champions League First Group Phase,2017-11-01,3,17,NK Maribor,Anfield
1,Premier League,2017-11-04,4,18,West Ham United, London Stadium
0,Premier League,2017-11-18,3,19,Southampton,Anfield
3,Champions League First Group Phase,2017-11-21,3,20,Sevilla,Ramón Sánchez Pizjuán Stadium
1,Premier League,2017-11-25,1,21,Chelsea,Anfield
0,Premier League,2017-11-29,3,22,Stoke City,Britannia Stadium
1,Premier League,2017-12-02,5,23,Brighton & Hove Albion,American Express Community Stadium
0,Champions League First Group Phase,2017-12-06,7,24,Spartak Moscow,Anfield
1,Premier League,2017-12-10,1,25,Everton,Anfield
0,Premier League,2017-12-13,0,26,West Bromwich Albion,Anfield
0,Premier League,2017-12-17,4,27,Bournemouth,Dean Court
3,Premier League,2017-12-22,3,28,Arsenal,Emirates Stadium
0,Premier League,2017-12-26,5,29,Swansea City,Anfield
1,Premier League,2017-12-30,2,30,Leicester City,Anfield
1,Premier League,2018-01-01,2,31,Burnley,Turf Moor
1,FA Cup 3rd round,2018-01-05,2,32,Everton,Anfield
3,Premier League,2018-01-14,4,33,Manchester City,Anfield
1,Premier League,2018-01-22,0,34,Swansea City,Liberty Stadium
3,FA Cup 4th round,2018-01-27,2,35,West Bromwich Albion,Anfield
0,Premier League,2018-01-30,3,36,Huddersfield Town,Kirklees Stadium
3,Premier League,2016-08-14,4,1,Arsenal,Emirates Stadium
2,Premier League,2016-08-20,0,2,Burnley,Turf Moor
0,League Cup 2nd round,2016-08-23,5,3,Burton Albion,Pirelli Stadium
1,Premier League,2016-08-27,1,4,Tottenham Hotspur,White Hart Lane
1,Premier League,2016-09-10,4,5,Leicester City,Anfield
1,Premier League,2016-09-16,2,6,Chelsea,Stamford Bridge
0,League Cup 3rd round,2016-09-20,3,7,Derby County,Pride Park
1,Premier League,2016-09-24,5,8,Hull City,Anfield
1,Premier League,2016-10-01,2,9,Swansea City,Liberty Stadium
0,Premier League,2016-10-17,0,10,Manchester United,Anfield
1,Premier League,2016-10-22,2,11,West Bromwich Albion,Anfield
1,League Cup 4th round,2016-10-25,2,12,Tottenham Hotspur,Anfield
2,Premier League,2016-10-29,4,13,Crystal Palace,Selhurst Park
1,Premier League,2016-11-06,6,14,Watford,Anfield
0,Premier League,2016-11-19,0,15,Southampton,St Mary's
0,Premier League,2016-11-26,2,16,Sunderland,Anfield
0,League Cup 5th round ,2016-11-29,2,17,Leeds United,Anfield
4,Premier League,2016-12-04,3,18,Bournemouth,Dean Court
2,Premier League,2016-12-11,2,19,West Ham United,Anfield
0,Premier League,2016-12-14,3,20,Middlesbrough,Riverside
0,Premier League,2016-12-19,1,21,Everton,Goodison Park
1,Premier League,2016-12-27,4,22,Stoke City,Anfield
0,Premier League,2016-12-31,1,23,Manchester City,Anfield
2,Premier League,2017-01-02,2,24,Sunderland,Stadium of Light
0,FA Cup 3rd round,2017-01-08,0,25,Plymouth Argyle,Anfield
1,League Cup Semi-final 1st leg,2017-01-11,0,26,Southampton,St Mary's
1,Premier League,2017-01-15,1,27,Manchester United,Old Trafford
0,FA Cup 3rd round replay,2017-01-18,1,28,Plymouth Argyle,Home Park
3,Premier League,2017-01-21,2,29,Swansea City,Anfield
1,League Cup Semi-final 2nd leg,2017-01-25,0,30,Southampton,Anfield
2,FA Cup 4th round,2017-01-28,1,31,Wolves,Anfield
1,Premier League,2017-01-31,1,32,Chelsea,Anfield
2,Premier League,2017-02-04,0,33,Hull City,Kingston Communications Stadium
0,Premier League,2017-02-11,2,34,Tottenham Hotspur,Anfield
3,Premier League,2017-02-27,1,35,Leicester City,The Walkers Stadium
1,Premier League,2017-03-04,3,36,Arsenal,Anfield
1,Premier League,2017-03-12,2,37,Burnley,Anfield
1,Premier League,2017-03-19,1,38,Manchester City,Etihad Stadium
1,Premier League,2017-04-01,3,39,Everton,Anfield
2,Premier League,2017-04-05,2,40,Bournemouth,Anfield
1,Premier League,2017-04-08,2,41,Stoke City,Britannia Stadium
0,Premier League,2017-04-16,1,42,West Bromwich Albion,The Hawthorns
2,Premier League,2017-04-23,1,43,Crystal Palace,Anfield
0,Premier League,2017-05-01,1,44,Watford,Vicarage Road
0,Premier League,2017-05-07,0,45,Southampton,Anfield
0,Premier League,2017-05-14,4,46,West Ham United, London Stadium
0,Premier League,2017-05-21,3,47,Middlesbrough,Anfield
0,Premier League,2015-08-09,1,1,Stoke City,Britannia Stadium
0,Premier League,2015-08-17,1,2,Bournemouth,Anfield
0,Premier League,2015-08-24,0,3,Arsenal,Emirates Stadium
3,Premier League,2015-08-29,0,4,West Ham United,Anfield
3,Premier League,2015-09-12,1,5,Manchester United,Old Trafford
1,Europa League Group Stage,2015-09-17,1,6,Bordeaux,Stade Atlantique
1,Premier League,2015-09-20,1,7,Norwich City,Anfield
1,League Cup 3rd round,2015-09-23,1,8,Carlisle United,Anfield
2,Premier League,2015-09-26,3,9,Aston Villa,Anfield
1,Europa League Group Stage,2015-10-01,1,10,Sion,Anfield
1,Premier League,2015-10-04,1,11,Everton,Goodison Park
0,Premier League,2015-10-17,0,12,Tottenham Hotspur,White Hart Lane
1,Europa League Group Stage,2015-10-22,1,13,Rubin Kazan,Anfield
1,Premier League,2015-10-25,1,14,Southampton,Anfield
0,League Cup 4th round,2015-10-28,1,15,Bournemouth,Anfield
1,Premier League,2015-10-31,3,16,Chelsea,Stamford Bridge
0,Europa League Group Stage,2015-11-05,1,17,Rubin Kazan,Kazan Arena
2,Premier League,2015-11-08,1,18,Crystal Palace,Anfield
1,Premier League,2015-11-21,4,19,Manchester City,Etihad Stadium
1,Europa League Group Stage,2015-11-26,2,20,Bordeaux,Anfield
0,Premier League,2015-11-29,1,21,Swansea City,Anfield
1,League Cup 5th round ,2015-12-02,6,22,Southampton,St Mary's
2,Premier League,2015-12-06,0,23,Newcastle United,St James' Park
0,Europa League Group Stage,2015-12-10,0,24,Sion,Stade de Tourbillon 
2,Premier League,2015-12-13,2,25,West Bromwich Albion,Anfield
3,Premier League,2015-12-20,0,26,Watford,Vicarage Road
0,Premier League,2015-12-26,1,27,Leicester City,Anfield
0,Premier League,2015-12-30,1,28,Sunderland,Stadium of Light
2,Premier League,2016-01-02,0,29,West Ham United,Upton Park
0,League Cup Semi-final 1st leg,2016-01-05,1,30,Stoke City,Britannia Stadium
2,FA Cup 3rd round,2016-01-08,2,31,Exeter City,"St James Park, Exeter"
3,Premier League,2016-01-13,3,32,Arsenal,Anfield
1,Premier League,2016-01-17,0,33,Manchester United,Anfield
0,FA Cup 3rd round replay,2016-01-20,3,34,Exeter City,Anfield
4,Premier League,2016-01-23,5,35,Norwich City,Carrow Road
1,League Cup Semi-final 2nd leg,2016-01-26,0,36,Stoke City,Anfield
0,FA Cup 4th round,2016-01-30,0,37,West Ham United,Anfield
2,Premier League,2016-02-02,0,38,Leicester City,The Walkers Stadium
2,Premier League,2016-02-06,2,39,Sunderland,Anfield
2,FA Cup 4th round replay,2016-02-09,1,40,West Ham United,Upton Park
0,Premier League,2016-02-14,6,41,Aston Villa,Villa Park
0,Europa League Round of 32,2016-02-18,0,42,Augsburg,WWK Arena
0,Europa League Round of 32,2016-02-25,1,43,Augsburg,Anfield
1,League Cup Final ,2016-02-28,1,44,Manchester City,Wembley
0,Premier League,2016-03-02,3,45,Manchester City,Anfield
1,Premier League,2016-03-06,2,46,Crystal Palace,Selhurst Park
0,Europa League Round of 16,2016-03-10,2,47,Manchester United,Anfield
1,Europa League Round of 16,2016-03-17,1,48,Manchester United,Old Trafford
3,Premier League,2016-03-20,2,49,Southampton,St Mary's
1,Premier League,2016-04-02,1,50,Tottenham Hotspur,Anfield
1,Europa League Quarter Finals,2016-04-07,1,51,Borussia Dortmund,Westfalen Stadion
1,Premier League,2016-04-10,4,52,Stoke City,Anfield
3,Europa League Quarter Finals,2016-04-14,4,53,Borussia Dortmund,Anfield
1,Premier League,2016-04-17,2,54,Bournemouth,Dean Court
0,Premier League,2016-04-20,4,55,Everton,Anfield
2,Premier League,2016-04-23,2,56,Newcastle United,Anfield
1,Europa League Semi Finals,2016-04-28,0,57,Villarreal,Estadio El Madrigal
3,Premier League,2016-05-01,1,58,Swansea City,Liberty Stadium
0,Europa League Semi Finals,2016-05-05,3,59,Villarreal,Anfield
0,Premier League,2016-05-08,2,60,Watford,Anfield
1,Premier League,2016-05-11,1,61,Chelsea,Anfield
1,Premier League,2016-05-15,1,62,West Bromwich Albion,The Hawthorns
3,Europa League Final,2016-05-18,1,63,Sevilla,Saint Jakob Stadium
1,Premier League,2014-08-17,2,1,Southampton,Anfield
3,Premier League,2014-08-25,1,2,Manchester City,Etihad Stadium
0,Premier League,2014-08-31,3,3,Tottenham Hotspur,White Hart Lane
1,Premier League,2014-09-13,0,4,Aston Villa,Anfield
1,Champions League First Group Phase,2014-09-16,2,5,Ludogorets Razgrad,Anfield
3,Premier League,2014-09-20,1,6,West Ham United,Upton Park
2,League Cup 3rd round,2014-09-23,2,7,Middlesbrough,Anfield
1,Premier League,2014-09-27,1,8,Everton,Anfield
1,Champions League First Group Phase,2014-10-01,0,9,Basel,Saint Jakob Stadium
1,Premier League,2014-10-04,2,10,West Bromwich Albion,Anfield
2,Premier League,2014-10-19,3,11,Queens Park Rangers,Loftus Road
3,Champions League First Group Phase,2014-10-22,0,12,Real Madrid,Anfield
0,Premier League,2014-10-25,0,13,Hull City,Anfield
1,League Cup 4th round,2014-10-28,2,14,Swansea City,Anfield
1,Premier League,2014-11-01,0,15,Newcastle United,St James' Park
1,Champions League First Group Phase,2014-11-04,0,16,Real Madrid,Bernabeu Stadium
2,Premier League,2014-11-08,1,17,Chelsea,Anfield
3,Premier League,2014-11-23,1,18,Crystal Palace,Selhurst Park
2,Champions League First Group Phase,2014-11-26,2,19,Ludogorets Razgrad,Vassil Levski
0,Premier League,2014-11-29,1,20,Stoke City,Anfield
1,Premier League,2014-12-02,3,21,Leicester City,The Walkers Stadium
0,Premier League,2014-12-06,0,22,Sunderland,Anfield
1,Champions League First Group Phase,2014-12-09,1,23,Basel,Anfield
3,Premier League,2014-12-14,0,24,Manchester United,Old Trafford
1,League Cup 5th round ,2014-12-17,3,25,Bournemouth,Dean Court
2,Premier League,2014-12-21,2,26,Arsenal,Anfield
0,Premier League,2014-12-26,1,27,Burnley,Turf Moor
1,Premier League,2014-12-29,4,28,Swansea City,Anfield
2,Premier League,2015-01-01,2,29,Leicester City,Anfield
1,FA Cup 3rd round,2015-01-05,2,30,AFC Wimbledon,Kingsmeadow
0,Premier League,2015-01-10,1,31,Sunderland,Stadium of Light
0,Premier League,2015-01-17,2,32,Aston Villa,Villa Park
1,League Cup Semi-final 1st leg,2015-01-20,1,33,Chelsea,Anfield
0,FA Cup 4th round,2015-01-24,0,34,Bolton Wanderers,Anfield
1,League Cup Semi-final 2nd leg,2015-01-27,0,35,Chelsea,Stamford Bridge
0,Premier League,2015-01-31,2,36,West Ham United,Anfield
1,FA Cup 4th round replay,2015-02-04,2,37,Bolton Wanderers,Reebok Stadium
0,Premier League,2015-02-07,0,38,Everton,Goodison Park
2,Premier League,2015-02-10,3,39,Tottenham Hotspur,Anfield
1,FA Cup 5th round,2015-02-14,2,40,Crystal Palace,Selhurst Park
0,Europa League Round of 32,2015-02-19,1,41,Besiktas,Anfield
0,Premier League,2015-02-22,2,42,Southampton,St Mary's
1,Europa League Round of 32,2015-02-26,0,43,Besiktas,Ataturk Stadium
1,Premier League,2015-03-01,2,44,Manchester City,Anfield
0,Premier League,2015-03-04,2,45,Burnley,Anfield
0,FA Cup 6th round,2015-03-08,0,46,Blackburn Rovers,Anfield
0,Premier League,2015-03-16,1,47,Swansea City,Liberty Stadium
2,Premier League,2015-03-22,1,48,Manchester United,Anfield
4,Premier League,2015-04-04,1,49,Arsenal,Emirates Stadium
0,FA Cup 6th round replay,2015-04-08,1,50,Blackburn Rovers,Ewood Park
0,Premier League,2015-04-13,2,51,Newcastle United,Anfield
2,FA Cup Semi-final,2015-04-19,1,52,Aston Villa,Wembley
0,Premier League,2015-04-25,0,53,West Bromwich Albion,The Hawthorns
1,Premier League,2015-04-28,0,54,Hull City,Kingston Communications Stadium
1,Premier League,2015-05-02,2,55,Queens Park Rangers,Anfield
1,Premier League,2015-05-10,1,56,Chelsea,Stamford Bridge
3,Premier League,2015-05-16,1,57,Crystal Palace,Anfield
6,Premier League,2015-05-24,1,58,Stoke City,Britannia Stadium
0,Premier League,2013-08-17,1,1,Stoke City,Anfield
0,Premier League,2013-08-24,1,2,Aston Villa,Villa Park
2,League Cup 2nd round,2013-08-27,4,3,Notts County,Anfield
0,Premier League,2013-09-01,1,4,Manchester United,Anfield
2,Premier League,2013-09-16,2,5,Swansea City,Liberty Stadium
1,Premier League,2013-09-21,0,6,Southampton,Anfield
1,League Cup 3rd round,2013-09-25,0,7,Manchester United,Old Trafford
1,Premier League,2013-09-29,3,8,Sunderland,Stadium of Light
1,Premier League,2013-10-05,3,9,Crystal Palace,Anfield
2,Premier League,2013-10-19,2,10,Newcastle United,St James' Park
1,Premier League,2013-10-26,4,11,West Bromwich Albion,Anfield
2,Premier League,2013-11-02,0,12,Arsenal,Emirates Stadium
0,Premier League,2013-11-09,4,13,Fulham,Anfield
3,Premier League,2013-11-23,3,14,Everton,Goodison Park
3,Premier League,2013-12-01,1,15,Hull City,Kingston Communications Stadium
1,Premier League,2013-12-04,5,16,Norwich City,Anfield
1,Premier League,2013-12-07,4,17,West Ham United,Anfield
0,Premier League,2013-12-15,5,18,Tottenham Hotspur,White Hart Lane
1,Premier League,2013-12-21,3,19,Cardiff City,Anfield
2,Premier League,2013-12-26,1,20,Manchester City,Etihad Stadium
2,Premier League,2013-12-29,1,21,Chelsea,Stamford Bridge
0,Premier League,2014-01-01,2,22,Hull City,Anfield
0,FA Cup 3rd round,2014-01-05,2,23,Oldham Athletic,Anfield
3,Premier League,2014-01-12,5,24,Stoke City,Britannia Stadium
2,Premier League,2014-01-18,2,25,Aston Villa,Anfield
0,FA Cup 4th round,2014-01-25,2,26,Bournemouth,Dean Court
0,Premier League,2014-01-28,4,27,Everton,Anfield
1,Premier League,2014-02-02,1,28,West Bromwich Albion,The Hawthorns
1,Premier League,2014-02-08,5,29,Arsenal,Anfield
2,Premier League,2014-02-12,3,30,Fulham,Craven Cottage
2,FA Cup 5th round,2014-02-16,1,31,Arsenal,Emirates Stadium
3,Premier League,2014-02-23,4,32,Swansea City,Anfield
0,Premier League,2014-03-01,3,33,Southampton,St Mary's
0,Premier League,2014-03-16,3,34,Manchester United,Old Trafford
3,Premier League,2014-03-22,6,35,Cardiff City,Cardiff City Stadium
1,Premier League,2014-03-26,2,36,Sunderland,Anfield
0,Premier League,2014-03-30,4,37,Tottenham Hotspur,Anfield
1,Premier League,2014-04-06,2,38,West Ham United,Upton Park
2,Premier League,2014-04-13,3,39,Manchester City,Anfield
2,Premier League,2014-04-20,3,40,Norwich City,Carrow Road
2,Premier League,2014-04-27,0,41,Chelsea,Anfield
3,Premier League,2014-05-05,3,42,Crystal Palace,Selhurst Park
1,Premier League,2014-05-11,2,43,Newcastle United,Anfield
0,Europa League 3rd Qualifying Round 1st Leg,2012-08-02,1,1,Gomel,Central Stadion
0,Europa League 3rd Qualifying Round 2nd Leg,2012-08-09,3,2,Gomel,Anfield
3,Premier League,2012-08-18,0,3,West Bromwich Albion,The Hawthorns
0,Europa League Play-off 1st Leg,2012-08-23,1,4,Heart Of Midlothian,Tynecastle Stadium
2,Premier League,2012-08-26,2,5,Manchester City,Anfield
1,Europa League Play-off 2nd Leg,2012-08-30,1,6,Heart Of Midlothian,Anfield
2,Premier League,2012-09-02,0,7,Arsenal,Anfield
1,Premier League,2012-09-15,1,8,Sunderland,Stadium of Light
3,Europa League Group Stage,2012-09-20,5,9,Young Boys,Stade de Suisse
2,Premier League,2012-09-23,1,10,Manchester United,Anfield
1,League Cup 3rd round,2012-09-26,2,11,West Bromwich Albion,The Hawthorns
2,Premier League,2012-09-29,5,12,Norwich City,Carrow Road
3,Europa League Group Stage,2012-10-04,2,13,Udinese,Anfield
0,Premier League,2012-10-07,0,14,Stoke City,Anfield
0,Premier League,2012-10-20,1,15,Reading,Anfield
0,Europa League Group Stage,2012-10-25,1,16,Anzhi Makhachkala,Anfield
2,Premier League,2012-10-28,2,17,Everton,Goodison Park
3,League Cup 4th round,2012-10-31,1,18,Swansea City,Anfield
1,Premier League,2012-11-04,1,19,Newcastle United,Anfield
1,Europa League Group Stage,2012-11-08,0,20,Anzhi Makhachkala,Lokomotiv Stadium
1,Premier League,2012-11-11,1,21,Chelsea,Stamford Bridge
0,Premier League,2012-11-17,3,22,Wigan Athletic,Anfield
2,Europa League Group Stage,2012-11-22,2,23,Young Boys,Anfield
0,Premier League,2012-11-25,0,24,Swansea City,Liberty Stadium
2,Premier League,2012-11-28,1,25,Tottenham Hotspur,White Hart Lane
0,Premier League,2012-12-01,1,26,Southampton,Anfield
0,Europa League Group Stage,2012-12-06,1,27,Udinese,Stadio Friuli
2,Premier League,2012-12-09,3,28,West Ham United,Upton Park
3,Premier League,2012-12-15,1,29,Aston Villa,Anfield
0,Premier League,2012-12-22,4,30,Fulham,Anfield
3,Premier League,2012-12-26,1,31,Stoke City,Britannia Stadium
0,Premier League,2012-12-30,3,32,Queens Park Rangers,Loftus Road
0,Premier League,2013-01-02,3,33,Sunderland,Anfield
1,FA Cup 3rd round,2013-01-06,2,34,Mansfield Town,Field Mill
2,Premier League,2013-01-13,1,35,Manchester United,Old Trafford
0,Premier League,2013-01-19,5,36,Norwich City,Anfield
3,FA Cup 4th round,2013-01-27,2,37,Oldham Athletic,Boundary Park
2,Premier League,2013-01-30,2,38,Arsenal,Emirates Stadium
2,Premier League,2013-02-03,2,39,Manchester City,Etihad Stadium
2,Premier League,2013-02-11,0,40,West Bromwich Albion,Anfield
2,Europa League Round of 32,2013-02-14,0,41,Zenit Saint Petersburg,Petrovsky Stadium
0,Premier League,2013-02-17,5,42,Swansea City,Anfield
1,Europa League Round of 32,2013-02-21,3,43,Zenit Saint Petersburg,Anfield
0,Premier League,2013-03-02,4,44,Wigan Athletic,DW Stadium
2,Premier League,2013-03-10,3,45,Tottenham Hotspur,Anfield
3,Premier League,2013-03-16,1,46,Southampton,St Mary's
1,Premier League,2013-03-31,2,47,Aston Villa,Villa Park
0,Premier League,2013-04-07,0,48,West Ham United,Anfield
0,Premier League,2013-04-13,0,49,Reading,Madejski Stadium
2,Premier League,2013-04-21,2,50,Chelsea,Anfield
0,Premier League,2013-04-27,6,51,Newcastle United,St James' Park
0,Premier League,2013-05-05,0,52,Everton,Anfield
1,Premier League,2013-05-12,3,53,Fulham,Craven Cottage
0,Premier League,2013-05-19,1,54,Queens Park Rangers,Anfield
1,Premier League,2011-08-13,1,1,Sunderland,Anfield
0,Premier League,2011-08-20,2,2,Arsenal,Emirates Stadium
1,League Cup 2nd round,2011-08-24,3,3,Exeter City,"St James Park, Exeter"
1,Premier League,2011-08-27,3,4,Bolton Wanderers,Anfield
1,Premier League,2011-09-10,0,5,Stoke City,Britannia Stadium
4,Premier League,2011-09-18,0,6,Tottenham Hotspur,White Hart Lane
1,League Cup 3rd round,2011-09-21,2,7,Brighton & Hove Albion,American Express Community Stadium
1,Premier League,2011-09-24,2,8,Wolves,Anfield
0,Premier League,2011-10-01,2,9,Everton,Goodison Park
1,Premier League,2011-10-15,1,10,Manchester United,Anfield
1,Premier League,2011-10-22,1,11,Norwich City,Anfield
1,League Cup 4th round,2011-10-26,2,12,Stoke City,Britannia Stadium
0,Premier League,2011-10-29,2,13,West Bromwich Albion,The Hawthorns
0,Premier League,2011-11-05,0,14,Swansea City,Anfield
1,Premier League,2011-11-20,2,15,Chelsea,Stamford Bridge
1,Premier League,2011-11-27,1,16,Manchester City,Anfield
0,League Cup 5th round ,2011-11-29,2,17,Chelsea,Stamford Bridge
1,Premier League,2011-12-05,0,18,Fulham,Craven Cottage
0,Premier League,2011-12-10,1,19,Queens Park Rangers,Anfield
0,Premier League,2011-12-18,2,20,Aston Villa,Villa Park
0,Premier League,2011-12-21,0,21,Wigan Athletic,DW Stadium
1,Premier League,2011-12-26,1,22,Blackburn Rovers,Anfield
1,Premier League,2011-12-30,3,23,Newcastle United,Anfield
3,Premier League,2012-01-03,0,24,Manchester City,Etihad Stadium
1,FA Cup 3rd round,2012-01-06,5,25,Oldham Athletic,Anfield
0,League Cup Semi-final 1st leg,2012-01-11,1,26,Manchester City,Etihad Stadium
0,Premier League,2012-01-14,0,27,Stoke City,Anfield
3,Premier League,2012-01-21,1,28,Bolton Wanderers,Reebok Stadium
2,League Cup Semi-final 2nd leg,2012-01-25,2,29,Manchester City,Anfield
1,FA Cup 4th round,2012-01-28,2,30,Manchester United,Anfield
0,Premier League,2012-01-31,3,31,Wolves,Molineux
0,Premier League,2012-02-06,0,32,Tottenham Hotspur,Anfield
2,Premier League,2012-02-11,1,33,Manchester United,Old Trafford
1,FA Cup 5th round,2012-02-19,6,34,Brighton & Hove Albion,Anfield
2,League Cup Final ,2012-02-26,2,35,Cardiff City,Wembley
2,Premier League,2012-03-03,1,36,Arsenal,Anfield
1,Premier League,2012-03-10,0,37,Sunderland,Stadium of Light
0,Premier League,2012-03-13,3,38,Everton,Anfield
1,FA Cup 6th round,2012-03-18,2,39,Stoke City,Anfield
3,Premier League,2012-03-21,2,40,Queens Park Rangers,Loftus Road
2,Premier League,2012-03-24,1,41,Wigan Athletic,Anfield
2,Premier League,2012-04-01,0,42,Newcastle United,St James' Park
1,Premier League,2012-04-07,1,43,Aston Villa,Anfield
2,Premier League,2012-04-10,3,44,Blackburn Rovers,Ewood Park
1,FA Cup Semi-final,2012-04-14,2,45,Everton,Wembley
1,Premier League,2012-04-22,0,46,West Bromwich Albion,Anfield
0,Premier League,2012-04-28,3,47,Norwich City,Carrow Road
1,Premier League,2012-05-01,0,48,Fulham,Anfield
2,FA Cup Final,2012-05-05,1,49,Chelsea,Wembley
1,Premier League,2012-05-08,4,50,Chelsea,Anfield
1,Premier League,2012-05-13,0,51,Swansea City,Liberty Stadium
0,Europa League 3rd Qualifying Round 1st Leg,2010-07-29,2,1,Rabotnicki,Philip II Arena
0,Europa League 3rd Qualifying Round 2nd Leg,2010-08-05,2,2,Rabotnicki,Anfield
1,Premier League,2010-08-15,1,3,Arsenal,Anfield
0,Europa League Play-off 1st Leg,2010-08-19,1,4,Trabzonspor,Anfield
3,Premier League,2010-08-23,0,5,Manchester City,City of Manchester Stadium 
1,Europa League Play-off 2nd Leg,2010-08-26,2,6,Trabzonspor,Hüseyin Avni Aker Stadium
0,Premier League,2010-08-29,1,7,West Bromwich Albion,Anfield
0,Premier League,2010-09-12,0,8,Birmingham City,St Andrews
1,Europa League Group Stage,2010-09-16,4,9,Steaua  Bucharest,Anfield
3,Premier League,2010-09-19,2,10,Manchester United,Old Trafford
2,League Cup 3rd round,2010-09-22,2,11,Northampton Town,Anfield
2,Premier League,2010-09-25,2,12,Sunderland,Anfield
0,Europa League Group Stage,2010-09-30,0,13,Utrecht,Stadion Galgenwaard
2,Premier League,2010-10-03,1,14,Blackpool,Anfield
2,Premier League,2010-10-17,0,15,Everton,Goodison Park
0,Europa League Group Stage,2010-10-21,0,16,Napoli,Stadio San Paolo
1,Premier League,2010-10-24,2,17,Blackburn Rovers,Anfield
0,Premier League,2010-10-31,1,18,Bolton Wanderers,Reebok Stadium
1,Europa League Group Stage,2010-11-04,3,19,Napoli,Anfield
0,Premier League,2010-11-07,2,20,Chelsea,Anfield
1,Premier League,2010-11-10,1,21,Wigan Athletic,DW Stadium
2,Premier League,2010-11-13,0,22,Stoke City,Britannia Stadium
0,Premier League,2010-11-20,3,23,West Ham United,Anfield
2,Premier League,2010-11-28,1,24,Tottenham Hotspur,White Hart Lane
1,Europa League Group Stage,2010-12-02,1,25,Steaua  Bucharest,Ghencea Stadium
0,Premier League,2010-12-06,3,26,Aston Villa,Anfield
3,Premier League,2010-12-11,1,27,Newcastle United,St James' Park
0,Europa League Group Stage,2010-12-15,0,28,Utrecht,Anfield
1,Premier League,2010-12-29,0,29,Wolves,Anfield
1,Premier League,2011-01-01,2,30,Bolton Wanderers,Anfield
3,Premier League,2011-01-05,1,31,Blackburn Rovers,Ewood Park
1,FA Cup 3rd round,2011-01-09,0,32,Manchester United,Old Trafford
2,Premier League,2011-01-12,1,33,Blackpool,Bloomfield Road
2,Premier League,2011-01-16,2,34,Everton,Anfield
0,Premier League,2011-01-22,3,35,Wolves,Molineux
0,Premier League,2011-01-26,1,36,Fulham,Anfield
0,Premier League,2011-02-02,2,37,Stoke City,Anfield
0,Premier League,2011-02-06,1,38,Chelsea,Stamford Bridge
1,Premier League,2011-02-12,1,39,Wigan Athletic,Anfield
0,Europa League Round of 32,2011-02-17,0,40,Sparta Prague,Generali Arena
0,Europa League Round of 32,2011-02-24,1,41,Sparta Prague,Anfield
3,Premier League,2011-02-27,1,42,West Ham United,Upton Park
1,Premier League,2011-03-06,3,43,Manchester United,Anfield
1,Europa League Round of 16,2011-03-10,0,44,Braga,Estádio Municipal de Braga
0,Europa League Round of 16,2011-03-17,0,45,Braga,Anfield
0,Premier League,2011-03-20,2,46,Sunderland,Stadium of Light
2,Premier League,2011-04-02,1,47,West Bromwich Albion,The Hawthorns
0,Premier League,2011-04-11,3,48,Manchester City,Anfield
1,Premier League,2011-04-17,1,49,Arsenal,Emirates Stadium
0,Premier League,2011-04-23,5,50,Birmingham City,Anfield
0,Premier League,2011-05-01,3,51,Newcastle United,Anfield
2,Premier League,2011-05-09,5,52,Fulham,Craven Cottage
2,Premier League,2011-05-15,0,53,Tottenham Hotspur,Anfield
1,Premier League,2011-05-22,0,54,Aston Villa,Villa Park
2,Premier League,2009-08-16,1,1,Tottenham Hotspur,White Hart Lane
0,Premier League,2009-08-19,4,2,Stoke City,Anfield
3,Premier League,2009-08-24,1,3,Aston Villa,Anfield
2,Premier League,2009-08-29,3,4,Bolton Wanderers,Reebok Stadium
0,Premier League,2009-09-12,4,5,Burnley,Anfield
0,Champions League First Group Phase,2009-09-16,1,6,Debrecen VSC,Anfield
2,Premier League,2009-09-19,3,7,West Ham United,Upton Park
0,League Cup 3rd round,2009-09-22,1,8,Leeds United,Elland Road
1,Premier League,2009-09-26,6,9,Hull City,Anfield
2,Champions League First Group Phase,2009-09-29,0,10,Fiorentina,Stadio Artemio Franchi
2,Premier League,2009-10-04,0,11,Chelsea,Stamford Bridge
1,Premier League,2009-10-17,0,12,Sunderland,Stadium of Light
2,Champions League First Group Phase,2009-10-20,1,13,Olympique Lyonnais,Anfield
0,Premier League,2009-10-25,2,14,Manchester United,Anfield
2,League Cup 4th round,2009-10-28,1,15,Arsenal,Emirates Stadium
3,Premier League,2009-10-31,1,16,Fulham,Craven Cottage
1,Champions League First Group Phase,2009-11-04,1,17,Olympique Lyonnais,Stade Gerland
2,Premier League,2009-11-09,2,18,Birmingham City,Anfield
2,Premier League,2009-11-21,2,19,Manchester City,Anfield
0,Champions League First Group Phase,2009-11-24,1,20,Debrecen VSC,Ferenc Puskás
0,Premier League,2009-11-29,2,21,Everton,Goodison Park
0,Premier League,2009-12-05,0,22,Blackburn Rovers,Ewood Park
2,Champions League First Group Phase,2009-12-09,1,23,Fiorentina,Anfield
2,Premier League,2009-12-13,1,24,Arsenal,Anfield
1,Premier League,2009-12-16,2,25,Wigan Athletic,Anfield
2,Premier League,2009-12-19,0,26,Portsmouth,Fratton Park
0,Premier League,2009-12-26,2,27,Wolves,Anfield
0,Premier League,2009-12-29,1,28,Aston Villa,Villa Park
1,FA Cup 3rd round,2010-01-02,1,29,Reading,Madejski Stadium
2,FA Cup 3rd round replay,2010-01-13,1,30,Reading,Anfield
1,Premier League,2010-01-16,1,31,Stoke City,Britannia Stadium
0,Premier League,2010-01-20,2,32,Tottenham Hotspur,Anfield
0,Premier League,2010-01-26,0,33,Wolves,Molineux
0,Premier League,2010-01-30,2,34,Bolton Wanderers,Anfield
0,Premier League,2010-02-06,1,35,Everton,Anfield
1,Premier League,2010-02-10,0,36,Arsenal,Emirates Stadium
0,Europa League Round of 32,2010-02-18,1,37,Unirea Urziceni,Anfield
0,Premier League,2010-02-21,0,38,Manchester City,City of Manchester Stadium 
1,Europa League Round of 32,2010-02-25,3,39,Unirea Urziceni,Ghencea Stadium
1,Premier League,2010-02-28,2,40,Blackburn Rovers,Anfield
1,Premier League,2010-03-08,0,41,Wigan Athletic,DW Stadium
1,Europa League Round of 16,2010-03-11,0,42,Lille,Stadium Lille Métropole
1,Premier League,2010-03-15,4,43,Portsmouth,Anfield
0,Europa League Round of 16,2010-03-18,3,44,Lille,Anfield
2,Premier League,2010-03-21,1,45,Manchester United,Old Trafford
0,Premier League,2010-03-28,3,46,Sunderland,Anfield
2,Europa League Quarter Finals,2010-04-01,1,47,Benfica,Estadio da Luz
1,Premier League,2010-04-04,1,48,Birmingham City,St Andrews
1,Europa League Quarter Finals,2010-04-08,4,49,Benfica,Anfield
0,Premier League,2010-04-11,0,50,Fulham,Anfield
0,Premier League,2010-04-19,3,51,West Ham United,Anfield
1,Europa League Semi Finals,2010-04-22,0,52,Atletico Madrid,Estadio Vicente Calderon
0,Premier League,2010-04-25,4,53,Burnley,Turf Moor
1,Europa League Semi Finals,2010-04-29,2,54,Atletico Madrid,Anfield
2,Premier League,2010-05-02,0,55,Chelsea,Anfield
0,Premier League,2010-05-09,0,56,Hull City,Kingston Communications Stadium
0,Champions League 3rd Qualifying round 1st leg,2008-08-13,0,1,Standard Liege,Stade de Sclessin
0,Premier League,2008-08-16,1,2,Sunderland,Stadium of Light
1,Premier League,2008-08-23,2,3,Middlesbrough,Anfield
0,Champions League 3rd Qualifying round 2nd leg,2008-08-27,1,4,Standard Liege,Anfield
0,Premier League,2008-08-31,0,5,Aston Villa,Villa Park
1,Premier League,2008-09-13,2,6,Manchester United,Anfield
1,Champions League First Group Phase,2008-09-16,2,7,Marseille,Velodrome
0,Premier League,2008-09-20,0,8,Stoke City,Anfield
1,League Cup 3rd round,2008-09-23,2,9,Crewe Alexandra,Anfield
0,Premier League,2008-09-27,2,10,Everton,Goodison Park
1,Champions League First Group Phase,2008-10-01,3,11,PSV Eindhoven,Anfield
2,Premier League,2008-10-05,3,12,Manchester City,City of Manchester Stadium 
2,Premier League,2008-10-18,3,13,Wigan Athletic,Anfield
1,Champions League First Group Phase,2008-10-22,1,14,Atletico Madrid,Estadio Vicente Calderon
0,Premier League,2008-10-26,1,15,Chelsea,Stamford Bridge
0,Premier League,2008-10-29,1,16,Portsmouth,Anfield
2,Premier League,2008-11-01,1,17,Tottenham Hotspur,White Hart Lane
1,Champions League First Group Phase,2008-11-04,1,18,Atletico Madrid,Anfield
0,Premier League,2008-11-08,3,19,West Bromwich Albion,Anfield
4,League Cup 4th round,2008-11-12,2,20,Tottenham Hotspur,White Hart Lane
0,Premier League,2008-11-15,2,21,Bolton Wanderers,Reebok Stadium
0,Premier League,2008-11-22,0,22,Fulham,Anfield
0,Champions League First Group Phase,2008-11-26,1,23,Marseille,Anfield
0,Premier League,2008-12-01,0,24,West Ham United,Anfield
1,Premier League,2008-12-06,3,25,Blackburn Rovers,Ewood Park
1,Champions League First Group Phase,2008-12-09,3,26,PSV Eindhoven,Philips Stadion
2,Premier League,2008-12-13,2,27,Hull City,Anfield
1,Premier League,2008-12-21,1,28,Arsenal,Emirates Stadium
0,Premier League,2008-12-26,3,29,Bolton Wanderers,Anfield
1,Premier League,2008-12-28,5,30,Newcastle United,St James' Park
0,FA Cup 3rd round,2009-01-03,2,31,Preston North End,Deepdale
0,Premier League,2009-01-10,0,32,Stoke City,Britannia Stadium
1,Premier League,2009-01-19,1,33,Everton,Anfield
1,FA Cup 4th round,2009-01-25,1,34,Everton,Anfield
1,Premier League,2009-01-28,1,35,Wigan Athletic,JJB Stadium
0,Premier League,2009-02-01,2,36,Chelsea,Anfield
1,FA Cup 4th round replay,2009-02-04,0,37,Everton,Goodison Park
2,Premier League,2009-02-07,3,38,Portsmouth,Fratton Park
1,Premier League,2009-02-22,1,39,Manchester City,Anfield
0,Champions League  1st knockout r. 1st leg,2009-02-25,1,40,Real Madrid,Bernabeu Stadium
2,Premier League,2009-02-28,0,41,Middlesbrough,Riverside
0,Premier League,2009-03-03,2,42,Sunderland,Anfield
0,Champions League 1st knockout r. 2nd leg ,2009-03-10,4,43,Real Madrid,Anfield
1,Premier League,2009-03-14,4,44,Manchester United,Old Trafford
0,Premier League,2009-03-22,5,45,Aston Villa,Anfield
0,Premier League,2009-04-04,1,46,Fulham,Craven Cottage
3,Champions League Quarter-final 1st leg,2009-04-08,1,47,Chelsea,Anfield
0,Premier League,2009-04-11,4,48,Blackburn Rovers,Anfield
4,Champions League Quarter-final 2nd leg,2009-04-14,4,49,Chelsea,Stamford Bridge
4,Premier League,2009-04-21,4,50,Arsenal,Anfield
1,Premier League,2009-04-25,3,51,Hull City,Kingston Communications Stadium
0,Premier League,2009-05-03,3,52,Newcastle United,Anfield
0,Premier League,2009-05-09,3,53,West Ham United,Upton Park
0,Premier League,2009-05-17,2,54,West Bromwich Albion,The Hawthorns
1,Premier League,2009-05-24,3,55,Tottenham Hotspur,Anfield
1,Premier League,2007-08-11,2,1,Aston Villa,Villa Park
0,Champions League 3rd Qualifying round 1st leg,2007-08-15,1,2,Toulouse,Stadium Municipal
1,Premier League,2007-08-19,1,3,Chelsea,Anfield
0,Premier League,2007-08-25,2,4,Sunderland,Stadium of Light
0,Champions League 3rd Qualifying round 2nd leg,2007-08-28,4,5,Toulouse,Anfield
0,Premier League,2007-09-01,6,6,Derby County,Anfield
0,Premier League,2007-09-15,0,7,Portsmouth,Fratton Park
1,Champions League First Group Phase,2007-09-18,1,8,Porto,Estadio da Dragao
0,Premier League,2007-09-22,0,9,Birmingham City,Anfield
2,League Cup 3rd round,2007-09-25,4,10,Reading,Madejski Stadium
0,Premier League,2007-09-29,1,11,Wigan Athletic,JJB Stadium
1,Champions League First Group Phase,2007-10-03,0,12,Marseille,Anfield
2,Premier League,2007-10-07,2,13,Tottenham Hotspur,Anfield
1,Premier League,2007-10-20,2,14,Everton,Goodison Park
2,Champions League First Group Phase,2007-10-24,1,15,Besiktas,Inonu Stadium
1,Premier League,2007-10-28,1,16,Arsenal,Anfield
1,League Cup 4th round,2007-10-31,2,17,Cardiff City,Anfield
0,Premier League,2007-11-03,0,18,Blackburn Rovers,Ewood Park
0,Champions League First Group Phase,2007-11-06,8,19,Besiktas,Anfield
0,Premier League,2007-11-10,2,20,Fulham,Anfield
0,Premier League,2007-11-24,3,21,Newcastle United,St James' Park
1,Champions League First Group Phase,2007-11-28,4,22,Porto,Anfield
0,Premier League,2007-12-02,4,23,Bolton Wanderers,Anfield
3,Premier League,2007-12-08,1,24,Reading,Madejski Stadium
0,Champions League First Group Phase,2007-12-11,4,25,Marseille,Velodrome
1,Premier League,2007-12-16,0,26,Manchester United,Anfield
2,League Cup 5th round ,2007-12-19,0,27,Chelsea,Stamford Bridge
1,Premier League,2007-12-22,4,28,Portsmouth,Anfield
1,Premier League,2007-12-26,2,29,Derby County,Pride Park
0,Premier League,2007-12-30,0,30,Manchester City,City of Manchester Stadium 
1,Premier League,2008-01-02,1,31,Wigan Athletic,Anfield
1,FA Cup 3rd round,2008-01-06,1,32,Luton Town,Kenilworth Road
1,Premier League,2008-01-12,1,33,Middlesbrough,Riverside
0,FA Cup 3rd round replay,2008-01-15,5,34,Luton Town,Anfield
2,Premier League,2008-01-21,2,35,Aston Villa,Anfield
2,FA Cup 4th round,2008-01-26,5,36,Havant & Waterlooville,Anfield
1,Premier League,2008-01-30,0,37,West Ham United,Upton Park
0,Premier League,2008-02-02,3,38,Sunderland,Anfield
0,Premier League,2008-02-10,0,39,Chelsea,Stamford Bridge
2,FA Cup 5th round,2008-02-16,1,40,Barnsley,Anfield
0,Champions League  1st knockout r. 1st leg,2008-02-19,2,41,Inter Milan,Anfield
2,Premier League,2008-02-23,3,42,Middlesbrough,Anfield
1,Premier League,2008-03-02,3,43,Bolton Wanderers,Reebok Stadium
0,Premier League,2008-03-05,4,44,West Ham United,Anfield
0,Premier League,2008-03-08,3,45,Newcastle United,Anfield
0,Champions League 1st knockout r. 2nd leg ,2008-03-11,1,46,Inter Milan,San Siro
1,Premier League,2008-03-15,2,47,Reading,Anfield
3,Premier League,2008-03-23,0,48,Manchester United,Old Trafford
0,Premier League,2008-03-30,1,49,Everton,Anfield
1,Champions League Quarter-final 1st leg,2008-04-02,1,50,Arsenal,Emirates Stadium
1,Premier League,2008-04-05,1,51,Arsenal,Emirates Stadium
2,Champions League Quarter-final 2nd leg,2008-04-08,4,52,Arsenal,Anfield
1,Premier League,2008-04-13,3,53,Blackburn Rovers,Anfield
0,Premier League,2008-04-19,2,54,Fulham,Craven Cottage
1,Champions League Semi-final 1st leg,2008-04-22,1,55,Chelsea,Anfield
2,Premier League,2008-04-26,2,56,Birmingham City,St Andrews
3,Champions League Semi-final 2nd leg,2008-04-30,2,57,Chelsea,Stamford Bridge
0,Premier League,2008-05-04,1,58,Manchester City,Anfield
0,Premier League,2008-05-11,2,59,Tottenham Hotspur,White Hart Lane
1,Champions League 3rd Qualifying round 1st leg,2006-08-09,2,1,Maccabi Haifa,Anfield
1,Community Shield,2006-08-13,2,2,Chelsea,Millennium Stadium
1,Premier League,2006-08-19,1,3,Sheffield United,Bramall Lane
1,Champions League 3rd Qualifying round 2nd leg,2006-08-22,1,4,Maccabi Haifa,Valery Lobanovskiy Stadium
1,Premier League,2006-08-26,2,5,West Ham United,Anfield
3,Premier League,2006-09-09,0,6,Everton,Goodison Park
0,Champions League First Group Phase,2006-09-12,0,7,PSV Eindhoven,Philips Stadion
1,Premier League,2006-09-17,0,8,Chelsea,Stamford Bridge
0,Premier League,2006-09-20,2,9,Newcastle United,Anfield
0,Premier League,2006-09-23,3,10,Tottenham Hotspur,Anfield
2,Champions League First Group Phase,2006-09-27,3,11,Galatasaray,Anfield
2,Premier League,2006-09-30,0,12,Bolton Wanderers,Reebok Stadium
1,Premier League,2006-10-14,1,13,Blackburn Rovers,Anfield
0,Champions League First Group Phase,2006-10-18,1,14,Bordeaux,Jacques-Chaban Delmas Stadium
2,Premier League,2006-10-22,0,15,Manchester United,Old Trafford
3,League Cup 3rd round,2006-10-25,4,16,Reading,Anfield
1,Premier League,2006-10-28,3,17,Aston Villa,Anfield
0,Champions League First Group Phase,2006-10-31,3,18,Bordeaux,Anfield
0,Premier League,2006-11-04,2,19,Reading,Anfield
0,League Cup 4th round,2006-11-08,1,20,Birmingham City,St Andrews
3,Premier League,2006-11-12,0,21,Arsenal,Emirates Stadium
0,Premier League,2006-11-18,0,22,Middlesbrough,Riverside
0,Champions League First Group Phase,2006-11-22,2,23,PSV Eindhoven,Anfield
0,Premier League,2006-11-25,1,24,Manchester City,Anfield
0,Premier League,2006-11-29,0,25,Portsmouth,Anfield
0,Premier League,2006-12-02,4,26,Wigan Athletic,JJB Stadium
3,Champions League First Group Phase,2006-12-05,2,27,Galatasaray,Ataturk Stadium
0,Premier League,2006-12-09,4,28,Fulham,Anfield
0,Premier League,2006-12-16,3,29,Charlton Athletic,The Valley
0,Premier League,2006-12-23,2,30,Watford,Anfield
1,Premier League,2006-12-26,0,31,Blackburn Rovers,Ewood Park
0,Premier League,2006-12-30,1,32,Tottenham Hotspur,White Hart Lane
0,Premier League,2007-01-01,3,33,Bolton Wanderers,Anfield
3,FA Cup 3rd round,2007-01-06,1,34,Arsenal,Anfield
6,League Cup 5th round ,2007-01-09,3,35,Arsenal,Anfield
0,Premier League,2007-01-13,3,36,Watford,Vicarage Road
0,Premier League,2007-01-20,2,37,Chelsea,Anfield
1,Premier League,2007-01-30,2,38,West Ham United,Upton Park
0,Premier League,2007-02-03,0,39,Everton,Anfield
2,Premier League,2007-02-10,1,40,Newcastle United,St James' Park
1,Champions League  1st knockout r. 1st leg,2007-02-21,2,41,Barcelona,Nou Camp
0,Premier League,2007-02-24,4,42,Sheffield United,Anfield
1,Premier League,2007-03-03,0,43,Manchester United,Anfield
1,Champions League 1st knockout r. 2nd leg ,2007-03-06,0,44,Barcelona,Anfield
0,Premier League,2007-03-18,0,45,Aston Villa,Villa Park
1,Premier League,2007-03-31,4,46,Arsenal,Anfield
0,Champions League Quarter-final 1st leg,2007-04-03,3,47,PSV Eindhoven,Philips Stadion
1,Premier League,2007-04-07,2,48,Reading,Madejski Stadium
0,Champions League Quarter-final 2nd leg,2007-04-11,1,49,PSV Eindhoven,Anfield
0,Premier League,2007-04-14,0,50,Manchester City,City of Manchester Stadium 
0,Premier League,2007-04-18,2,51,Middlesbrough,Anfield
0,Premier League,2007-04-21,2,52,Wigan Athletic,Anfield
1,Champions League Semi-final 1st leg,2007-04-25,0,53,Chelsea,Stamford Bridge
2,Premier League,2007-04-28,1,54,Portsmouth,Fratton Park
0,Champions League Semi-final 2nd leg,2007-05-01,1,55,Chelsea,Anfield
1,Premier League,2007-05-05,0,56,Fulham,Craven Cottage
2,Premier League,2007-05-13,2,57,Charlton Athletic,Anfield
2,Champions League Final,2007-05-23,1,58,AC Milan,Athens Olympic Stadium
0,Champions League 1st Qualifying round 1st leg,2005-07-13,3,1,Total Network Solutions,Anfield
0,Champions League 1st Qualifying round 2nd leg,2005-07-19,3,2,Total Network Solutions,Racecourse Ground
1,Champions League 2nd Qualifying round 1st leg,2005-07-26,3,3,FBK Kaunas,S Darius & S Girenas Stadium
0,Champions League 2nd Qualifying round 2nd leg,2005-08-02,2,4,FBK Kaunas,Anfield
1,Champions League 3rd Qualifying round 1st leg,2005-08-10,3,5,CSKA Sofia,Vassil Levski
0,Premier League,2005-08-13,0,6,Middlesbrough,Riverside
0,Premier League,2005-08-20,1,7,Sunderland,Anfield
1,Champions League 3rd Qualifying round 2nd leg,2005-08-23,0,8,CSKA Sofia,Anfield
1,European Super Cup,2005-08-26,3,9,CSKA Moscow,Stade Louis II
0,Premier League,2005-09-10,0,10,Tottenham Hotspur,White Hart Lane
1,Champions League First Group Phase,2005-09-13,2,11,Real Betis,Manuel Ruiz de Lopera
0,Premier League,2005-09-18,0,12,Manchester United,Anfield
2,Premier League,2005-09-24,2,13,Birmingham City,St Andrews
0,Champions League First Group Phase,2005-09-28,0,14,Chelsea,Anfield
4,Premier League,2005-10-02,1,15,Chelsea,Anfield
0,Premier League,2005-10-15,1,16,Blackburn Rovers,Anfield
0,Champions League First Group Phase,2005-10-19,1,17,Anderlecht,Constant Vanden Stock Stadium
2,Premier League,2005-10-22,0,18,Fulham,Craven Cottage
2,League Cup 3rd round,2005-10-25,1,19,Crystal Palace,Selhurst Park
0,Premier League,2005-10-29,2,20,West Ham United,Anfield
0,Champions League First Group Phase,2005-11-01,3,21,Anderlecht,Anfield
0,Premier League,2005-11-05,2,22,Aston Villa,Villa Park
0,Premier League,2005-11-19,3,23,Portsmouth,Anfield
0,Champions League First Group Phase,2005-11-23,0,24,Real Betis,Anfield
0,Premier League,2005-11-26,1,25,Manchester City,City of Manchester Stadium 
0,Premier League,2005-11-30,2,26,Sunderland,Stadium of Light
0,Premier League,2005-12-03,3,27,Wigan Athletic,Anfield
0,Champions League First Group Phase,2005-12-06,0,28,Chelsea,Stamford Bridge
0,Premier League,2005-12-10,2,29,Middlesbrough,Anfield
0,World Club Championship Semi-final,2005-12-15,3,30,Deportivo Saprissa,Yokohama International Stadium
1,World Club Championship,2005-12-18,0,31,Sao Paolo,Yokohama International Stadium
0,Premier League,2005-12-26,2,32,Newcastle United,Anfield
1,Premier League,2005-12-28,3,33,Everton,Goodison Park
0,Premier League,2005-12-31,1,34,West Bromwich Albion,Anfield
2,Premier League,2006-01-02,2,35,Bolton Wanderers,Reebok Stadium
3,FA Cup 3rd round,2006-01-07,5,36,Luton Town,Kenilworth Road
0,Premier League,2006-01-14,1,37,Tottenham Hotspur,Anfield
1,Premier League,2006-01-22,0,38,Manchester United,Old Trafford
1,FA Cup 4th round,2006-01-29,2,39,Portsmouth,Fratton Park
1,Premier League,2006-02-01,1,40,Birmingham City,Anfield
2,Premier League,2006-02-05,0,41,Chelsea,Stamford Bridge
2,Premier League,2006-02-08,0,42,Charlton Athletic,The Valley
0,Premier League,2006-02-11,1,43,Wigan Athletic,JJB Stadium
0,Premier League,2006-02-14,1,44,Arsenal,Anfield
0,FA Cup 5th round,2006-02-18,1,45,Manchester United,Anfield
1,Champions League  1st knockout r. 1st leg,2006-02-21,0,46,Benfica,Estadio da Luz
0,Premier League,2006-02-26,1,47,Manchester City,Anfield
0,Premier League,2006-03-04,0,48,Charlton Athletic,Anfield
2,Champions League 1st knockout r. 2nd leg ,2006-03-08,0,49,Benfica,Anfield
2,Premier League,2006-03-12,1,50,Arsenal,Highbury
1,Premier League,2006-03-15,5,51,Fulham,Anfield
1,Premier League,2006-03-19,3,52,Newcastle United,St James' Park
0,FA Cup 6th round,2006-03-21,7,53,Birmingham City,St Andrews
1,Premier League,2006-03-25,3,54,Everton,Anfield
0,Premier League,2006-04-01,2,55,West Bromwich Albion,The Hawthorns
0,Premier League,2006-04-09,1,56,Bolton Wanderers,Anfield
0,Premier League,2006-04-16,1,57,Blackburn Rovers,Ewood Park
1,FA Cup Semi-final,2006-04-22,2,58,Chelsea,Old Trafford
1,Premier League,2006-04-26,2,59,West Ham United,Upton Park
1,Premier League,2006-04-29,3,60,Aston Villa,Anfield
1,Premier League,2006-05-07,3,61,Portsmouth,Fratton Park
3,FA Cup Final,2006-05-13,3,62,West Ham United,Millennium Stadium
0,Champions League 3rd Qualifying round 1st leg,2004-08-10,2,1,Grazer AK,Arnold Schwarzenegger Stadion
1,Premier League,2004-08-14,1,2,Tottenham Hotspur,White Hart Lane
1,Premier League,2004-08-21,2,3,Manchester City,Anfield
1,Champions League 3rd Qualifying round 2nd leg,2004-08-24,0,4,Grazer AK,Anfield
1,Premier League,2004-08-29,0,5,Bolton Wanderers,Reebok Stadium
0,Premier League,2004-09-11,3,6,West Bromwich Albion,Anfield
0,Champions League First Group Phase,2004-09-15,2,7,AS Monaco,Anfield
2,Premier League,2004-09-20,1,8,Manchester United,Old Trafford
0,Premier League,2004-09-25,3,9,Norwich City,Anfield
1,Champions League First Group Phase,2004-09-28,0,10,Olympiacos,Yorgos Karaiskakis Stadium
1,Premier League,2004-10-03,0,11,Chelsea,Stamford Bridge
2,Premier League,2004-10-16,4,12,Fulham,Craven Cottage
0,Champions League First Group Phase,2004-10-19,0,13,Deportivo La Coruna,Anfield
0,Premier League,2004-10-23,2,14,Charlton Athletic,Anfield
0,League Cup 3rd round,2004-10-26,3,15,Millwall,The New Den
2,Premier League,2004-10-30,2,16,Blackburn Rovers,Ewood Park
0,Champions League First Group Phase,2004-11-03,1,17,Deportivo La Coruna,Estadio Municipal De Riazor
1,Premier League,2004-11-06,0,18,Birmingham City,Anfield
0,League Cup 4th round,2004-11-10,2,19,Middlesbrough,Anfield
2,Premier League,2004-11-13,3,20,Crystal Palace,Anfield
2,Premier League,2004-11-20,0,21,Middlesbrough,Riverside
1,Champions League First Group Phase,2004-11-23,0,22,AS Monaco,Stade Louis II
1,Premier League,2004-11-28,2,23,Arsenal,Anfield
1,League Cup 5th round ,2004-12-01,1,24,Tottenham Hotspur,White Hart Lane
1,Premier League,2004-12-04,1,25,Aston Villa,Villa Park
1,Champions League First Group Phase,2004-12-08,3,26,Olympiacos,Anfield
1,Premier League,2004-12-11,0,27,Everton,Goodison Park
1,Premier League,2004-12-14,1,28,Portsmouth,Anfield
1,Premier League,2004-12-19,3,29,Newcastle United,Anfield
0,Premier League,2004-12-26,5,30,West Bromwich Albion,The Hawthorns
0,Premier League,2004-12-28,1,31,Southampton,Anfield
1,Premier League,2005-01-01,0,32,Chelsea,Anfield
1,Premier League,2005-01-03,2,33,Norwich City,Carrow Road
0,League Cup Semi-final 1st leg,2005-01-11,1,34,Watford,Anfield
1,Premier League,2005-01-15,0,35,Manchester United,Anfield
1,FA Cup 3rd round,2005-01-18,0,36,Burnley,Turf Moor
2,Premier League,2005-01-22,0,37,Southampton,St Mary's
0,League Cup Semi-final 2nd leg,2005-01-25,1,38,Watford,Vicarage Road
1,Premier League,2005-02-01,2,39,Charlton Athletic,The Valley
1,Premier League,2005-02-05,3,40,Fulham,Anfield
2,Premier League,2005-02-12,0,41,Birmingham City,St Andrews
1,Champions League  1st knockout r. 1st leg,2005-02-22,3,42,Bayer Leverkusen,Anfield
3,League Cup Final ,2005-02-27,2,43,Chelsea,Millennium Stadium
1,Premier League,2005-03-05,0,44,Newcastle United,St James' Park
1,Champions League 1st knockout r. 2nd leg ,2005-03-09,3,45,Bayer Leverkusen,Bay Arena
0,Premier League,2005-03-16,0,46,Blackburn Rovers,Anfield
1,Premier League,2005-03-20,2,47,Everton,Anfield
0,Premier League,2005-04-02,1,48,Bolton Wanderers,Anfield
1,Champions League Quarter-final 1st leg,2005-04-05,2,49,Juventus,Anfield
1,Premier League,2005-04-09,0,50,Manchester City,City of Manchester Stadium 
0,Champions League Quarter-final 2nd leg,2005-04-13,0,51,Juventus,Stadio Dell'Alpi
2,Premier League,2005-04-16,2,52,Tottenham Hotspur,Anfield
1,Premier League,2005-04-20,2,53,Portsmouth,Fratton Park
1,Premier League,2005-04-23,0,54,Crystal Palace,Selhurst Park
0,Champions League Semi-final 1st leg,2005-04-27,0,55,Chelsea,Stamford Bridge
1,Premier League,2005-04-30,1,56,Middlesbrough,Anfield
0,Champions League Semi-final 2nd leg,2005-05-03,1,57,Chelsea,Anfield
3,Premier League,2005-05-08,1,58,Arsenal,Highbury
1,Premier League,2005-05-15,2,59,Aston Villa,Anfield
3,Champions League Final,2005-05-25,3,60,AC Milan,Ataturk Stadium
