away_score,competition,date,home_score,nth_game_this_season,opposition,venue
1,1st Division,17/08/1991,2,1,Oldham Athletic,Anfield
2,1st Division,21/08/1991,1,2,Manchester City,Maine Road
0,1st Division,24/08/1991,0,3,Luton Town,Kenilworth Road
0,1st Division,27/08/1991,1,4,Queens Park Rangers,Anfield
1,1st Division,31/08/1991,3,5,Everton,Anfield
1,1st Division,07/09/1991,2,6,Notts County,Meadow Lane
1,1st Division,14/09/1991,1,7,Aston Villa,Anfield
1,UEFA Cup 1st round 1st leg,18/09/1991,6,8,Kuusysi Lahti,Anfield
1,1st Division,21/09/1991,0,9,Leeds United,Elland Road
2,League Cup 2nd round 1st leg,25/09/1991,2,10,Stoke City,Anfield
1,1st Division,28/09/1991,1,11,Sheffield Wednesday,Anfield
1,UEFA Cup 1st round 2nd leg,02/10/1991,0,12,Kuusysi Lahti,Lahden Stadion
0,1st Division,06/10/1991,0,13,Manchester United,Old Trafford
2,League Cup 2nd round 2nd leg,09/10/1991,3,14,Stoke City,Victoria Ground
2,1st Division,19/10/1991,2,15,Chelsea,Stamford Bridge
2,UEFA Cup 2nd round 1st leg,23/10/1991,0,16,Auxerre,Stade de l'Abbé Deschamps
0,1st Division,26/10/1991,1,17,Coventry City,Anfield
2,League Cup 3rd round,29/10/1991,2,18,Port Vale,Anfield
2,1st Division,02/11/1991,1,19,Crystal Palace,Anfield
0,UEFA Cup 2nd round 2nd leg,06/11/1991,3,20,Auxerre,Anfield
0,1st Division,17/11/1991,0,21,West Ham United,Upton Park
1,League Cup 3rd round replay,20/11/1991,4,22,Port Vale,Vale Park
0,1st Division,23/11/1991,0,23,Wimbledon,Selhurst Park
0,UEFA Cup 3rd round 1st leg,27/11/1991,2,24,Swarowski Tirol,Tivoli
1,1st Division,30/11/1991,2,25,Norwich City,Anfield
1,League Cup 4th round,03/12/1991,0,26,Peterborough United,London Road
1,1st Division,07/12/1991,1,27,Southampton,The Dell
0,UEFA Cup 3rd round 2nd leg,11/12/1991,4,28,Swarowski Tirol,Anfield
0,1st Division,14/12/1991,2,29,Nottingham Forest,Anfield
1,1st Division,18/12/1991,2,30,Tottenham Hotspur,White Hart Lane
2,1st Division,21/12/1991,2,31,Manchester City,Anfield
0,1st Division,26/12/1991,0,32,Queens Park Rangers,Loftus Road
1,1st Division,28/12/1991,1,33,Everton,Goodison Park
1,1st Division,01/01/1992,2,34,Sheffield United,Anfield
0,FA Cup 3rd round,06/01/1992,4,35,Crewe Alexandra,Gresty Road
1,1st Division,11/01/1992,2,36,Luton Town,Anfield
2,1st Division,18/01/1992,3,37,Oldham Athletic,Boundary Park
0,1st Division,29/01/1992,2,38,Arsenal,Anfield
2,1st Division,01/02/1992,1,39,Chelsea,Anfield
1,FA Cup 4th round,05/02/1992,1,40,Bristol Rovers,Twerton Park
0,1st Division,08/02/1992,0,41,Coventry City,Highfield Road
1,FA Cup 4th round replay,11/02/1992,2,42,Bristol Rovers,Anfield
0,FA Cup 5th round,16/02/1992,0,43,Ipswich Town,Portman Road
3,1st Division,22/02/1992,0,44,Norwich City,Carrow Road
2,FA Cup 5th round replay,26/02/1992,3,45,Ipswich Town,Anfield
0,1st Division,29/02/1992,0,46,Southampton,Anfield
2,UEFA Cup 4th round 1st leg,04/03/1992,0,47,Genoa,Stadio Luigi Ferraris
0,FA Cup 6th round,08/03/1992,1,48,Aston Villa,Anfield
0,1st Division,11/03/1992,1,49,West Ham United,Anfield
1,1st Division,14/03/1992,0,50,Crystal Palace,Selhurst Park
2,UEFA Cup 4th round 2nd leg,18/03/1992,1,51,Genoa,Anfield
1,1st Division,21/03/1992,2,52,Tottenham Hotspur,Anfield
2,1st Division,28/03/1992,0,53,Sheffield United,Bramall Lane
0,1st Division,31/03/1992,4,54,Notts County,Anfield
1,FA Cup Semi-final,05/04/1992,1,55,Portsmouth,Highbury
3,1st Division,08/04/1992,2,56,Wimbledon,Anfield
1,1st Division,11/04/1992,0,57,Aston Villa,Villa Park
0,FA Cup Semi-final replay,13/04/1992,0,58,Portsmouth,Villa Park
0,1st Division,18/04/1992,0,59,Leeds United,Anfield
4,1st Division,20/04/1992,0,60,Arsenal,Highbury
1,1st Division,22/04/1992,1,61,Nottingham Forest,City Ground
0,1st Division,26/04/1992,2,62,Manchester United,Anfield
0,1st Division,02/05/1992,0,63,Sheffield Wednesday,Hillsborough
0,FA Cup Final,09/05/1992,2,64,Sunderland,Wembley
0,Premier League,14/08/1993,2,1,Sheffield Wednesday,Anfield
1,Premier League,18/08/1993,3,2,Queens Park Rangers,Loftus Road
0,Premier League,22/08/1993,5,3,Swindon Town,County Ground
2,Premier League,25/08/1993,1,4,Tottenham Hotspur,Anfield
0,Premier League,28/08/1993,2,5,Leeds United,Anfield
1,Premier League,01/09/1993,0,6,Coventry City,Highfield Road
1,Premier League,12/09/1993,0,7,Blackburn Rovers,Anfield
2,Premier League,18/09/1993,0,8,Everton,Goodison Park
1,League Cup 2nd round 1st leg,22/09/1993,3,9,Fulham,Craven Cottage
1,Premier League,25/09/1993,0,10,Chelsea,Stamford Bridge
0,Premier League,02/10/1993,0,11,Arsenal,Anfield
0,League Cup 2nd round 2nd leg,05/10/1993,5,12,Fulham,Anfield
1,Premier League,16/10/1993,2,13,Oldham Athletic,Anfield
1,Premier League,23/10/1993,1,14,Manchester City,Maine Road
2,League Cup 3rd round,27/10/1993,3,15,Ipswich Town,Anfield
2,Premier League,30/10/1993,4,16,Southampton,Anfield
0,Premier League,06/11/1993,2,17,West Ham United,Anfield
3,Premier League,21/11/1993,0,18,Newcastle United,St James' Park
1,Premier League,28/11/1993,2,19,Aston Villa,Anfield
1,League Cup 4th round,01/12/1993,1,20,Wimbledon,Anfield
3,Premier League,04/12/1993,1,21,Sheffield Wednesday,Hillsborough
2,Premier League,08/12/1993,3,22,Queens Park Rangers,Anfield
2,Premier League,11/12/1993,2,23,Swindon Town,Anfield
2,League Cup 4th round replay,14/12/1993,2,24,Wimbledon,Selhurst Park
3,Premier League,18/12/1993,3,25,Tottenham Hotspur,White Hart Lane
0,Premier League,26/12/1993,0,26,Sheffield United,Bramall Lane
1,Premier League,28/12/1993,1,27,Wimbledon,Anfield
1,Premier League,01/01/1994,2,28,Ipswich Town,Portman Road
3,Premier League,04/01/1994,3,29,Manchester United,Anfield
0,Premier League,15/01/1994,3,30,Oldham Athletic,Boundary Park
1,FA Cup 3rd round,19/01/1994,1,31,Bristol City,Ashton Gate
1,Premier League,22/01/1994,2,32,Manchester City,Anfield
1,FA Cup 3rd round replay,25/01/1994,0,33,Bristol City,Anfield
2,Premier League,05/02/1994,2,34,Norwich City,Carrow Road
4,Premier League,14/02/1994,2,35,Southampton,The Dell
2,Premier League,19/02/1994,0,36,Leeds United,Elland Road
0,Premier League,26/02/1994,1,37,Coventry City,Anfield
2,Premier League,05/03/1994,0,38,Blackburn Rovers,Ewood Park
1,Premier League,13/03/1994,2,39,Everton,Anfield
1,Premier League,19/03/1994,2,40,Chelsea,Anfield
1,Premier League,26/03/1994,0,41,Arsenal,Highbury
1,Premier League,30/03/1994,0,42,Manchester United,Old Trafford
2,Premier League,02/04/1994,1,43,Sheffield United,Anfield
1,Premier League,04/04/1994,1,44,Wimbledon,Selhurst Park
0,Premier League,09/04/1994,1,45,Ipswich Town,Anfield
2,Premier League,16/04/1994,0,46,Newcastle United,Anfield
1,Premier League,23/04/1994,2,47,West Ham United,Upton Park
1,Premier League,30/04/1994,0,48,Norwich City,Anfield
2,Premier League,07/05/1994,1,49,Aston Villa,Villa Park
1,Premier League,20/08/1994,6,1,Crystal Palace,Selhurst Park
0,Premier League,28/08/1994,3,2,Arsenal,Anfield
0,Premier League,31/08/1994,2,3,Southampton,The Dell
0,Premier League,10/09/1994,0,4,West Ham United,Anfield
2,Premier League,17/09/1994,0,5,Manchester United,Old Trafford
0,League Cup 2nd round 1st leg,21/09/1994,2,6,Burnley,Anfield
1,Premier League,24/09/1994,1,7,Newcastle United,St James' Park
1,Premier League,01/10/1994,4,8,Sheffield Wednesday,Anfield
1,League Cup 2nd round 2nd leg,05/10/1994,4,9,Burnley,Turf Moor
2,Premier League,08/10/1994,3,10,Aston Villa,Anfield
3,Premier League,15/10/1994,2,11,Blackburn Rovers,Ewood Park
0,Premier League,22/10/1994,3,12,Wimbledon,Anfield
1,League Cup 3rd round,25/10/1994,2,13,Stoke City,Anfield
1,Premier League,29/10/1994,3,14,Ipswich Town,Portman Road
2,Premier League,31/10/1994,1,15,Queens Park Rangers,Loftus Road
0,Premier League,05/11/1994,1,16,Nottingham Forest,Anfield
1,Premier League,09/11/1994,3,17,Chelsea,Anfield
2,Premier League,21/11/1994,0,18,Everton,Goodison Park
1,Premier League,26/11/1994,1,19,Tottenham Hotspur,Anfield
1,League Cup 4th round,30/11/1994,3,20,Blackburn Rovers,Ewood Park
1,Premier League,03/12/1994,1,21,Coventry City,Highfield Road
0,Premier League,11/12/1994,0,22,Crystal Palace,Anfield
0,Premier League,18/12/1994,0,23,Chelsea,Stamford Bridge
1,Premier League,26/12/1994,2,24,Leicester City,Filbert Street
0,Premier League,28/12/1994,2,25,Manchester City,Anfield
0,Premier League,31/12/1994,2,26,Leeds United,Elland Road
0,Premier League,02/01/1995,4,27,Norwich City,Anfield
0,FA Cup 3rd round,07/01/1995,0,28,Birmingham City,St Andrews
0,League Cup 5th round ,11/01/1995,1,29,Arsenal,Anfield
1,Premier League,14/01/1995,0,30,Ipswich Town,Anfield
1,FA Cup 3rd round replay,18/01/1995,1,31,Birmingham City,Anfield
0,Premier League,24/01/1995,0,32,Everton,Anfield
0,FA Cup 4th round,28/01/1995,0,33,Burnley,Turf Moor
1,Premier League,04/02/1995,1,34,Nottingham Forest,City Ground
0,FA Cup 4th round replay,07/02/1995,1,35,Burnley,Anfield
1,Premier League,11/02/1995,1,36,Queens Park Rangers,Anfield
0,League Cup Semi-final 1st leg,15/02/1995,1,37,Crystal Palace,Anfield
1,FA Cup 5th round,19/02/1995,1,38,Wimbledon,Anfield
1,Premier League,25/02/1995,2,39,Sheffield Wednesday,Hillsborough
0,FA Cup 5th round replay,28/02/1995,2,40,Wimbledon,Selhurst Park
0,Premier League,04/03/1995,2,41,Newcastle United,Anfield
0,League Cup Semi-final 2nd leg,08/03/1995,1,42,Crystal Palace,Selhurst Park
2,FA Cup 6th round,11/03/1995,1,43,Tottenham Hotspur,Anfield
3,Premier League,14/03/1995,2,44,Coventry City,Anfield
0,Premier League,19/03/1995,2,45,Manchester United,Anfield
0,Premier League,22/03/1995,0,46,Tottenham Hotspur,White Hart Lane
1,League Cup Final ,02/04/1995,2,47,Bolton Wanderers,Wembley
1,Premier League,05/04/1995,3,48,Southampton,Anfield
1,Premier League,09/04/1995,0,49,Leeds United,Anfield
0,Premier League,12/04/1995,1,50,Arsenal,Highbury
2,Premier League,14/04/1995,1,51,Manchester City,Maine Road
0,Premier League,17/04/1995,2,52,Leicester City,Anfield
1,Premier League,29/04/1995,2,53,Norwich City,Carrow Road
0,Premier League,02/05/1995,0,54,Wimbledon,Selhurst Park
2,Premier League,06/05/1995,0,55,Aston Villa,Villa Park
3,Premier League,10/05/1995,0,56,West Ham United,Upton Park
1,Premier League,14/05/1995,2,57,Blackburn Rovers,Anfield
0,Premier League,19/08/1995,1,1,Sheffield Wednesday,Anfield
1,Premier League,21/08/1995,0,2,Leeds United,Elland Road
1,Premier League,26/08/1995,3,3,Tottenham Hotspur,White Hart Lane
0,Premier League,30/08/1995,1,4,Queens Park Rangers,Anfield
1,Premier League,09/09/1995,0,5,Wimbledon,Selhurst Park
1,UEFA Cup 1st round 1st leg,12/09/1995,2,6,Spartak Vladikavkaz,Spartak Stadium
0,Premier League,16/09/1995,3,7,Blackburn Rovers,Anfield
0,League Cup 2nd round 1st leg,20/09/1995,2,8,Sunderland,Anfield
2,Premier League,23/09/1995,5,9,Bolton Wanderers,Anfield
0,UEFA Cup 1st round 2nd leg,26/09/1995,0,10,Spartak Vladikavkaz,Anfield
2,Premier League,01/10/1995,2,11,Manchester United,Old Trafford
0,League Cup 2nd round 2nd leg,04/10/1995,1,12,Sunderland,Roker Park
0,Premier League,14/10/1995,0,13,Coventry City,Anfield
0,UEFA Cup 2nd round 1st leg,17/10/1995,0,14,Brøndby,Parken
1,Premier League,22/10/1995,3,15,Southampton,The Dell
0,League Cup 3rd round,25/10/1995,4,16,Manchester City,Anfield
0,Premier League,28/10/1995,6,17,Manchester City,Anfield
1,UEFA Cup 2nd round 2nd leg,31/10/1995,0,18,Brøndby,Anfield
2,Premier League,04/11/1995,1,19,Newcastle United,St James' Park
2,Premier League,18/11/1995,1,20,Everton,Anfield
0,Premier League,22/11/1995,0,21,West Ham United,Upton Park
2,Premier League,25/11/1995,1,22,Middlesbrough,Riverside
1,League Cup 4th round,29/11/1995,0,23,Newcastle United,Anfield
1,Premier League,02/12/1995,1,24,Southampton,Anfield
0,Premier League,09/12/1995,1,25,Bolton Wanderers,Burnden Park
0,Premier League,17/12/1995,2,26,Manchester United,Anfield
1,Premier League,23/12/1995,3,27,Arsenal,Anfield
2,Premier League,30/12/1995,2,28,Chelsea,Stamford Bridge
2,Premier League,01/01/1996,4,29,Nottingham Forest,Anfield
0,FA Cup 3rd round,06/01/1996,7,30,Rochdale,Anfield
1,Premier League,13/01/1996,1,31,Sheffield Wednesday,Hillsborough
0,Premier League,20/01/1996,5,32,Leeds United,Anfield
0,Premier League,31/01/1996,2,33,Aston Villa,Villa Park
0,Premier League,03/02/1996,0,34,Tottenham Hotspur,Anfield
1,Premier League,11/02/1996,2,35,Queens Park Rangers,Loftus Road
0,FA Cup 4th round,18/02/1996,4,36,Shrewsbury Town,Gay Meadow
2,Premier League,24/02/1996,3,37,Blackburn Rovers,Ewood Park
1,FA Cup 5th round,28/02/1996,2,38,Charlton Athletic,Anfield
0,Premier League,03/03/1996,3,39,Aston Villa,Anfield
0,FA Cup 6th round,10/03/1996,0,40,Leeds United,Elland Road
2,Premier League,13/03/1996,2,41,Wimbledon,Anfield
0,Premier League,16/03/1996,2,42,Chelsea,Anfield
0,FA Cup 6th round replay,20/03/1996,3,43,Leeds United,Anfield
1,Premier League,23/03/1996,0,44,Nottingham Forest,City Ground
0,FA Cup Semi-final,31/03/1996,3,45,Aston Villa,Old Trafford
3,Premier League,03/04/1996,4,46,Newcastle United,Anfield
1,Premier League,06/04/1996,0,47,Coventry City,Highfield Road
0,Premier League,08/04/1996,2,48,West Ham United,Anfield
1,Premier League,16/04/1996,1,49,Everton,Goodison Park
0,Premier League,27/04/1996,1,50,Middlesbrough,Anfield
0,Premier League,01/05/1996,0,51,Arsenal,Highbury
2,Premier League,05/05/1996,2,52,Manchester City,Maine Road
1,FA Cup Final,11/05/1996,0,53,Manchester United,Wembley
3,Premier League,17/08/1996,3,1,Middlesbrough,Riverside
0,Premier League,19/08/1996,2,2,Arsenal,Anfield
0,Premier League,24/08/1996,0,3,Sunderland,Anfield
0,Premier League,04/09/1996,1,4,Coventry City,Highfield Road
1,Premier League,07/09/1996,2,5,Southampton,Anfield
0,European Cup Winners' Cup 1st round 1st leg,12/09/1996,1,6,Mypa 47,Saviniemi
0,Premier League,15/09/1996,3,7,Leicester City,Filbert Street
1,Premier League,21/09/1996,5,8,Chelsea,Anfield
1,European Cup Winners' Cup 1st round 2nd leg,26/09/1996,3,9,Mypa 47,Anfield
1,Premier League,29/09/1996,2,10,West Ham United,Upton Park
1,Premier League,12/10/1996,0,11,Manchester United,Old Trafford
1,European Cup Winners' Cup 2nd round 1st leg,17/10/1996,2,12,Sion,Stade de Tourbillon 
1,League Cup 3rd round,23/10/1996,1,13,Charlton Athletic,The Valley
1,Premier League,27/10/1996,2,14,Derby County,Anfield
3,European Cup Winners' Cup 2nd round 2nd leg,31/10/1996,6,15,Sion,Anfield
3,Premier League,03/11/1996,0,16,Blackburn Rovers,Ewood Park
1,League Cup 3rd round replay,13/11/1996,4,17,Charlton Athletic,Anfield
0,Premier League,16/11/1996,2,18,Leeds United,Elland Road
1,Premier League,20/11/1996,1,19,Everton,Anfield
1,Premier League,23/11/1996,1,20,Wimbledon,Anfield
2,League Cup 4th round,27/11/1996,4,21,Arsenal,Anfield
0,Premier League,02/12/1996,2,22,Tottenham Hotspur,White Hart Lane
1,Premier League,07/12/1996,0,23,Sheffield Wednesday,Anfield
1,Premier League,14/12/1996,5,24,Middlesbrough,Anfield
2,Premier League,17/12/1996,4,25,Nottingham Forest,Anfield
1,Premier League,23/12/1996,1,26,Newcastle United,St James' Park
1,Premier League,26/12/1996,1,27,Leicester City,Anfield
0,Premier League,29/12/1996,1,28,Southampton,The Dell
1,Premier League,01/01/1997,0,29,Chelsea,Stamford Bridge
0,FA Cup 3rd round,04/01/1997,1,30,Burnley,Anfield
2,League Cup 5th round ,08/01/1997,1,31,Middlesbrough,Riverside
0,Premier League,11/01/1997,0,32,West Ham United,Anfield
0,Premier League,18/01/1997,3,33,Aston Villa,Anfield
4,FA Cup 4th round,26/01/1997,2,34,Chelsea,Stamford Bridge
0,Premier League,01/02/1997,1,35,Derby County,Baseball Ground
0,Premier League,19/02/1997,4,36,Leeds United,Anfield
0,Premier League,22/02/1997,0,37,Blackburn Rovers,Anfield
1,Premier League,02/03/1997,0,38,Aston Villa,Villa Park
1,European Cup Winners Cup 3rd round 1st leg,06/03/1997,1,39,Brann,Brann Stadion
3,Premier League,10/03/1997,4,40,Newcastle United,Anfield
1,Premier League,15/03/1997,1,41,Nottingham Forest,City Ground
0,European Cup Winners Cup 3rd round 2nd leg,20/03/1997,3,42,Brann,Anfield
1,Premier League,24/03/1997,2,43,Arsenal,Highbury
2,Premier League,06/04/1997,1,44,Coventry City,Anfield
3,European Cup Winners' Cup Semi-Final 1st leg,10/04/1997,0,45,Paris St Germain,Parc des Princes
1,Premier League,13/04/1997,2,46,Sunderland,Roker Park
1,Premier League,16/04/1997,1,47,Everton,Goodison Park
3,Premier League,19/04/1997,1,48,Manchester United,Anfield
0,European Cup Winners' Cup Semi-Final 2nd leg,24/04/1997,2,49,Paris St Germain,Anfield
1,Premier League,03/05/1997,2,50,Tottenham Hotspur,Anfield
2,Premier League,06/05/1997,1,51,Wimbledon,Selhurst Park
1,Premier League,11/05/1997,1,52,Sheffield Wednesday,Hillsborough
1,Premier League,09/08/1997,1,1,Wimbledon,Selhurst Park
2,Premier League,13/08/1997,1,2,Leicester City,Anfield
1,Premier League,23/08/1997,1,3,Blackburn Rovers,Ewood Park
0,Premier League,26/08/1997,2,4,Leeds United,Elland Road
1,Premier League,13/09/1997,2,5,Sheffield Wednesday,Anfield
2,UEFA Cup 1st round 1st leg,16/09/1997,2,6,Celtic,Celtic Park
1,Premier League,20/09/1997,1,7,Southampton,The Dell
0,Premier League,22/09/1997,3,8,Aston Villa,Anfield
2,Premier League,27/09/1997,1,9,West Ham United,Upton Park
0,UEFA Cup 1st round 2nd leg,30/09/1997,0,10,Celtic,Anfield
2,Premier League,05/10/1997,4,11,Chelsea,Anfield
0,League Cup 3rd round,15/10/1997,2,12,West Bromwich Albion,The Hawthorns
2,Premier League,18/10/1997,0,13,Everton,Goodison Park
3,UEFA Cup 2nd round 1st leg,21/10/1997,0,14,Strasbourg,Stade de la Meinau
0,Premier League,25/10/1997,4,15,Derby County,Anfield
1,Premier League,01/11/1997,1,16,Bolton Wanderers,Reebok Stadium
0,UEFA Cup 2nd round 2nd leg,04/11/1997,2,17,Strasbourg,Anfield
0,Premier League,08/11/1997,4,18,Tottenham Hotspur,Anfield
0,League Cup 4th round,18/11/1997,3,19,Grimsby Town,Anfield
1,Premier League,22/11/1997,0,20,Barnsley,Anfield
0,Premier League,30/11/1997,1,21,Arsenal,Highbury
3,Premier League,06/12/1997,1,22,Manchester United,Anfield
0,Premier League,13/12/1997,3,23,Crystal Palace,Selhurst Park
0,Premier League,20/12/1997,1,24,Coventry City,Anfield
1,Premier League,26/12/1997,3,25,Leeds United,Anfield
1,Premier League,28/12/1997,2,26,Newcastle United,St James' Park
3,FA Cup 3rd round,03/01/1998,1,27,Coventry City,Anfield
0,League Cup 5th round ,07/01/1998,2,28,Newcastle United,St James' Park
0,Premier League,10/01/1998,2,29,Wimbledon,Anfield
0,Premier League,17/01/1998,0,30,Leicester City,Filbert Street
0,Premier League,20/01/1998,1,31,Newcastle United,Anfield
1,League Cup Semi-final 1st leg,27/01/1998,2,32,Middlesbrough,Anfield
0,Premier League,31/01/1998,0,33,Blackburn Rovers,Anfield
3,Premier League,07/02/1998,2,34,Southampton,Anfield
3,Premier League,14/02/1998,3,35,Sheffield Wednesday,Hillsborough
2,League Cup Semi-final 2nd leg,18/02/1998,0,36,Middlesbrough,Riverside
1,Premier League,23/02/1998,1,37,Everton,Anfield
2,Premier League,28/02/1998,1,38,Aston Villa,Villa Park
1,Premier League,07/03/1998,2,39,Bolton Wanderers,Anfield
3,Premier League,14/03/1998,3,40,Tottenham Hotspur,White Hart Lane
2,Premier League,28/03/1998,3,41,Barnsley,Oakwell
1,Premier League,10/04/1998,1,42,Manchester United,Old Trafford
1,Premier League,13/04/1998,2,43,Crystal Palace,Anfield
1,Premier League,19/04/1998,1,44,Coventry City,Highfield Road
4,Premier League,25/04/1998,1,45,Chelsea,Stamford Bridge
0,Premier League,02/05/1998,5,46,West Ham United,Anfield
0,Premier League,06/05/1998,4,47,Arsenal,Anfield
1,Premier League,10/05/1998,0,48,Derby County,Pride Park
1,Premier League,16/08/1998,2,1,Southampton,The Dell
0,Premier League,22/08/1998,0,2,Arsenal,Anfield
1,Premier League,30/08/1998,4,3,Newcastle United,St James' Park
0,Premier League,09/09/1998,2,4,Coventry City,Anfield
2,Premier League,12/09/1998,1,5,West Ham United,Upton Park
0,UEFA Cup 1st round 1st leg,15/09/1998,3,6,Kosice,Lokomotiva Stadium
3,Premier League,19/09/1998,3,7,Charlton Athletic,Anfield
2,Premier League,24/09/1998,0,8,Manchester United,Old Trafford
0,UEFA Cup 1st round 2nd leg,29/09/1998,5,9,Kosice,Anfield
1,Premier League,04/10/1998,1,10,Chelsea,Anfield
0,Premier League,17/10/1998,0,11,Everton,Goodison Park
0,UEFA Cup 2nd round 1st leg,20/10/1998,0,12,Valencia,Anfield
1,Premier League,24/10/1998,5,13,Nottingham Forest,Anfield
1,League Cup 3rd round,27/10/1998,3,14,Fulham,Anfield
1,Premier League,31/10/1998,0,15,Leicester City,Filbert Street
2,UEFA Cup 2nd round 2nd leg,03/11/1998,2,16,Valencia,Mestalla
2,Premier League,07/11/1998,1,17,Derby County,Anfield
3,League Cup 4th round,10/11/1998,1,18,Tottenham Hotspur,Anfield
3,Premier League,14/11/1998,1,19,Leeds United,Anfield
2,Premier League,21/11/1998,4,20,Aston Villa,Villa Park
3,UEFA Cup 3rd round 1st leg,24/11/1998,1,21,Celta Vigo,Estadio Balaidos 
0,Premier League,29/11/1998,2,22,Blackburn Rovers,Anfield
2,Premier League,05/12/1998,1,23,Tottenham Hotspur,White Hart Lane
1,UEFA Cup 3rd round 2nd leg,08/12/1998,0,24,Celta Vigo,Anfield
1,Premier League,13/12/1998,0,25,Wimbledon,Selhurst Park
0,Premier League,19/12/1998,2,26,Sheffield Wednesday,Anfield
1,Premier League,26/12/1998,3,27,Middlesbrough,Riverside
2,Premier League,28/12/1998,4,28,Newcastle United,Anfield
0,FA Cup 3rd round,03/01/1999,3,29,Port Vale,Vale Park
0,Premier League,09/01/1999,0,30,Arsenal,Highbury
1,Premier League,16/01/1999,7,31,Southampton,Anfield
2,FA Cup 4th round,24/01/1999,1,32,Manchester United,Old Trafford
2,Premier League,30/01/1999,1,33,Coventry City,Highfield Road
1,Premier League,06/02/1999,3,34,Middlesbrough,Anfield
1,Premier League,13/02/1999,0,35,Charlton Athletic,The Valley
2,Premier League,20/02/1999,2,36,West Ham United,Anfield
2,Premier League,27/02/1999,1,37,Chelsea,Stamford Bridge
3,Premier League,13/03/1999,2,38,Derby County,Pride Park
2,Premier League,03/04/1999,3,39,Everton,Anfield
2,Premier League,05/04/1999,2,40,Nottingham Forest,City Ground
0,Premier League,12/04/1999,0,41,Leeds United,Elland Road
1,Premier League,17/04/1999,0,42,Aston Villa,Anfield
1,Premier League,21/04/1999,0,43,Leicester City,Anfield
1,Premier League,24/04/1999,3,44,Blackburn Rovers,Ewood Park
2,Premier League,01/05/1999,3,45,Tottenham Hotspur,Anfield
2,Premier League,05/05/1999,2,46,Manchester United,Anfield
1,Premier League,08/05/1999,0,47,Sheffield Wednesday,Hillsborough
0,Premier League,16/05/1999,3,48,Wimbledon,Anfield
0,Premier League,19/08/2000,1,1,Bradford City,Anfield
2,Premier League,21/08/2000,0,2,Arsenal,Highbury
3,Premier League,26/08/2000,3,3,Southampton,The Dell
1,Premier League,06/09/2000,3,4,Aston Villa,Anfield
2,Premier League,09/09/2000,3,5,Manchester City,Anfield
0,UEFA Cup 1st round 1st leg,14/09/2000,1,6,Rapid Bucharest,Stadionul Giulesti
1,Premier League,17/09/2000,1,7,West Ham United,Upton Park
1,Premier League,23/09/2000,1,8,Sunderland,Anfield
0,UEFA Cup 1st round 2nd leg,28/09/2000,0,9,Rapid Bucharest,Anfield
3,Premier League,01/10/2000,0,10,Chelsea,Stamford Bridge
0,Premier League,15/10/2000,4,11,Derby County,Pride Park
0,Premier League,21/10/2000,1,12,Leicester City,Anfield
0,UEFA Cup 2nd round 1st leg,26/10/2000,1,13,Slovan Liberec,Anfield
1,Premier League,29/10/2000,3,14,Everton,Anfield
1,League Cup 3rd round,01/11/2000,2,15,Chelsea,Anfield
4,Premier League,04/11/2000,3,16,Leeds United,Elland Road
2,UEFA Cup 2nd round 2nd leg,09/11/2000,3,17,Slovan Liberec,U Nisy Stadium
1,Premier League,12/11/2000,4,18,Coventry City,Anfield
2,Premier League,19/11/2000,1,19,Tottenham Hotspur,White Hart Lane
2,UEFA Cup 3rd round 1st leg,23/11/2000,2,20,Olympiacos,Olympiako Stadio Athinas
2,Premier League,26/11/2000,1,21,Newcastle United,St James' Park
0,League Cup 4th round,29/11/2000,8,22,Stoke City,Britannia Stadium
0,Premier League,02/12/2000,3,23,Charlton Athletic,Anfield
0,UEFA Cup 3rd round 2nd leg,07/12/2000,2,24,Olympiacos,Anfield
1,Premier League,10/12/2000,0,25,Ipswich Town,Anfield
0,League Cup 5th round ,13/12/2000,3,26,Fulham,Anfield
0,Premier League,17/12/2000,1,27,Manchester United,Old Trafford
0,Premier League,23/12/2000,4,28,Arsenal,Anfield
1,Premier League,26/12/2000,0,29,Middlesbrough,Riverside
1,Premier League,01/01/2001,2,30,Southampton,Anfield
0,FA Cup 3rd round,06/01/2001,3,31,Rotherham United,Anfield
2,League Cup Semi-final 1st leg,10/01/2001,1,32,Crystal Palace,Selhurst Park
0,Premier League,13/01/2001,3,33,Aston Villa,Villa Park
0,Premier League,20/01/2001,0,34,Middlesbrough,Anfield
0,League Cup Semi-final 2nd leg,24/01/2001,5,35,Crystal Palace,Anfield
0,FA Cup 4th round,27/01/2001,2,36,Leeds United,Elland Road
1,Premier League,31/01/2001,1,37,Manchester City,Maine Road
0,Premier League,03/02/2001,3,38,West Ham United,Anfield
1,Premier League,10/02/2001,1,39,Sunderland,Stadium of Light
0,UEFA Cup 4th round 1st leg,15/02/2001,2,40,Roma,Stadio Olimpico
2,FA Cup 5th round,18/02/2001,4,41,Manchester City,Anfield
1,UEFA Cup 4th round 2nd leg,22/02/2001,0,42,Roma,Anfield
1,League Cup Final ,25/02/2001,1,43,Birmingham City,Millennium Stadium
2,Premier League,03/03/2001,0,44,Leicester City,Filbert Street
0,UEFA Cup 5th round 1st leg,08/03/2001,0,45,Porto,Estadio Das Antas
2,FA Cup 6th round,11/03/2001,4,46,Tranmere Rovers,Prenton Park
0,UEFA Cup 5th round 2nd leg,15/03/2001,2,47,Porto,Anfield
1,Premier League,18/03/2001,1,48,Derby County,Anfield
0,Premier League,31/03/2001,2,49,Manchester United,Anfield
0,UEFA Cup Semi-final 1st leg,05/04/2001,0,50,Barcelona,Nou Camp
1,FA Cup Semi-final,08/04/2001,2,51,Wycombe Wanderers,Villa Park
1,Premier League,10/04/2001,1,52,Ipswich Town,Portman Road
2,Premier League,13/04/2001,1,53,Leeds United,Anfield
2,Premier League,16/04/2001,3,54,Everton,Goodison Park
0,UEFA Cup Semi-final 2nd leg,19/04/2001,1,55,Barcelona,Anfield
1,Premier League,22/04/2001,3,56,Tottenham Hotspur,Anfield
0,Premier League,28/04/2001,2,57,Coventry City,Highfield Road
0,Premier League,01/05/2001,2,58,Bradford City,Valley Parade
0,Premier League,05/05/2001,3,59,Newcastle United,Anfield
2,Premier League,08/05/2001,2,60,Chelsea,Anfield
1,FA Cup Final,12/05/2001,2,61,Arsenal,Millennium Stadium
4,UEFA Cup Final,16/05/2001,5,62,Alaves,Westfalen Stadion
0,Premier League,19/05/2001,4,63,Charlton Athletic,The Valley
1,Premier League,07/08/1999,2,1,Sheffield Wednesday,Hillsborough
1,Premier League,14/08/1999,0,2,Watford,Anfield
1,Premier League,21/08/1999,0,3,Middlesbrough,Riverside
1,Premier League,23/08/1999,2,4,Leeds United,Elland Road
0,Premier League,28/08/1999,2,5,Arsenal,Anfield
3,Premier League,11/09/1999,2,6,Manchester United,Anfield
1,League Cup 2nd round 1st leg,14/09/1999,5,7,Hull City,Boothferry Park
2,Premier League,18/09/1999,2,8,Leicester City,Filbert Street
2,League Cup 2nd round 2nd leg,21/09/1999,4,9,Hull City,Anfield
1,Premier League,27/09/1999,0,10,Everton,Anfield
0,Premier League,02/10/1999,0,11,Aston Villa,Villa Park
2,League Cup 3rd round,13/10/1999,1,12,Southampton,The Dell
0,Premier League,16/10/1999,1,13,Chelsea,Anfield
1,Premier League,23/10/1999,1,14,Southampton,The Dell
0,Premier League,27/10/1999,1,15,West Ham United,Anfield
1,Premier League,01/11/1999,3,16,Bradford City,Anfield
0,Premier League,06/11/1999,2,17,Derby County,Anfield
0,Premier League,20/11/1999,2,18,Sunderland,Stadium of Light
1,Premier League,27/11/1999,0,19,West Ham United,Upton Park
1,Premier League,05/12/1999,4,20,Sheffield Wednesday,Anfield
0,FA Cup 3rd round,12/12/1999,2,21,Huddersfield Town,Kirklees Stadium
0,Premier League,18/12/1999,2,22,Coventry City,Anfield
2,Premier League,26/12/1999,2,23,Newcastle United,St James' Park
1,Premier League,28/12/1999,3,24,Wimbledon,Anfield
1,Premier League,03/01/2000,0,25,Tottenham Hotspur,White Hart Lane
1,FA Cup 4th round,10/01/2000,0,26,Blackburn Rovers,Anfield
2,Premier League,15/01/2000,3,27,Watford,Vicarage Road
0,Premier League,22/01/2000,0,28,Middlesbrough,Anfield
1,Premier League,05/02/2000,3,29,Leeds United,Anfield
0,Premier League,13/02/2000,1,30,Arsenal,Highbury
1,Premier League,04/03/2000,1,31,Manchester United,Old Trafford
1,Premier League,11/03/2000,1,32,Sunderland,Anfield
0,Premier League,15/03/2000,0,33,Aston Villa,Anfield
0,Premier League,18/03/2000,2,34,Derby County,Pride Park
1,Premier League,25/03/2000,2,35,Newcastle United,Anfield
0,Premier League,01/04/2000,3,36,Coventry City,Highfield Road
0,Premier League,09/04/2000,2,37,Tottenham Hotspur,Anfield
1,Premier League,16/04/2000,2,38,Wimbledon,Selhurst Park
0,Premier League,21/04/2000,0,39,Everton,Goodison Park
2,Premier League,29/04/2000,0,40,Chelsea,Stamford Bridge
2,Premier League,03/05/2000,0,41,Leicester City,Anfield
0,Premier League,07/05/2000,0,42,Southampton,Anfield
1,Premier League,14/05/2000,0,43,Bradford City,Valley Parade
0,Champions League Qualifier 1st leg,08/08/2001,5,1,Haka,Olympia Stadion
1,Charity Shield,12/08/2001,2,2,Manchester United,Millennium Stadium
1,Premier League,18/08/2001,2,3,West Ham United,Anfield
1,Champions League Qualifier 2nd leg,21/08/2001,4,4,Haka,Anfield
2,European Super Cup,24/08/2001,3,5,Bayern Munich,Stade Louis II
2,Premier League,27/08/2001,1,6,Bolton Wanderers,Reebok Stadium
3,Premier League,08/09/2001,1,7,Aston Villa,Anfield
1,Champions League First Group Phase,11/09/2001,1,8,Boavista,Anfield
1,Premier League,15/09/2001,3,9,Everton,Goodison Park
0,Champions League First Group Phase,19/09/2001,0,10,Borussia Dortmund,Westfalen Stadion
0,Premier League,22/09/2001,1,11,Tottenham Hotspur,Anfield
0,Champions League First Group Phase,26/09/2001,1,12,Dynamo Kiev,Anfield
0,Premier League,30/09/2001,2,13,Newcastle United,St James' Park
2,League Cup 3rd round,09/10/2001,1,14,Grimsby Town,Anfield
1,Premier League,13/10/2001,1,15,Leeds United,Anfield
1,Champions League First Group Phase,16/10/2001,2,16,Dynamo Kiev,Olympiysky Stadium
1,Premier League,20/10/2001,4,17,Leicester City,Filbert Street
1,Champions League First Group Phase,24/10/2001,1,18,Boavista,Estadio de Bessa
0,Premier League,27/10/2001,2,19,Charlton Athletic,The Valley
0,Champions League First Group Phase,30/10/2001,2,20,Borussia Dortmund,Anfield
1,Premier League,04/11/2001,3,21,Manchester United,Anfield
1,Premier League,17/11/2001,1,22,Blackburn Rovers,Ewood Park
3,Champions League Second Group Phase,20/11/2001,1,23,Barcelona,Anfield
0,Premier League,25/11/2001,1,24,Sunderland,Anfield
0,Premier League,01/12/2001,1,25,Derby County,Pride Park
0,Champions League Second Group Phase,05/12/2001,0,26,Roma,Stadio Olimpico
0,Premier League,08/12/2001,2,27,Middlesbrough,Anfield
0,Premier League,12/12/2001,0,28,Fulham,Anfield
4,Premier League,16/12/2001,0,29,Chelsea,Stamford Bridge
2,Premier League,23/12/2001,1,30,Arsenal,Anfield
1,Premier League,26/12/2001,2,31,Aston Villa,Villa Park
1,Premier League,29/12/2001,1,32,West Ham United,Upton Park
1,Premier League,01/01/2002,1,33,Bolton Wanderers,Anfield
0,FA Cup 3rd round,05/01/2002,3,34,Birmingham City,Anfield
2,Premier League,09/01/2002,0,35,Southampton,St Mary's
1,Premier League,13/01/2002,1,36,Arsenal,Highbury
1,Premier League,19/01/2002,1,37,Southampton,Anfield
0,Premier League,22/01/2002,1,38,Manchester United,Old Trafford
1,FA Cup 4th round,27/01/2002,0,39,Arsenal,Highbury
0,Premier League,30/01/2002,1,40,Leicester City,Anfield
0,Premier League,03/02/2002,4,41,Leeds United,Elland Road
0,Premier League,09/02/2002,6,42,Ipswich Town,Portman Road
0,Champions League Second Group Phase,20/02/2002,0,43,Galatasaray,Anfield
1,Premier League,23/02/2002,1,44,Everton,Anfield
1,Champions League Second Group Phase,26/02/2002,1,45,Galatasaray,Ali Sami Yen
0,Premier League,02/03/2002,2,46,Fulham,Craven Cottage
0,Premier League,06/03/2002,3,47,Newcastle United,Anfield
0,Champions League Second Group Phase,13/03/2002,0,48,Barcelona,Nou Camp
1,Premier League,16/03/2002,2,49,Middlesbrough,Riverside
0,Champions League Second Group Phase,19/03/2002,2,50,Roma,Anfield
0,Premier League,24/03/2002,1,51,Chelsea,Anfield
0,Premier League,30/03/2002,2,52,Charlton Athletic,Anfield
0,Champions League Quarter-final 1st leg,03/04/2002,1,53,Bayer Leverkusen,Anfield
4,Champions League Quarter-final 2nd leg,09/04/2002,2,54,Bayer Leverkusen,Bay Arena
0,Premier League,13/04/2002,1,55,Sunderland,Stadium of Light
0,Premier League,20/04/2002,2,56,Derby County,Anfield
1,Premier League,27/04/2002,0,57,Tottenham Hotspur,White Hart Lane
3,Premier League,08/05/2002,4,58,Blackburn Rovers,Anfield
0,Premier League,11/05/2002,5,59,Ipswich Town,Anfield
1,Community Shield,11/08/2002,0,1,Arsenal,Millennium Stadium
0,Premier League,18/08/2002,1,2,Aston Villa,Villa Park
0,Premier League,24/08/2002,3,3,Southampton,Anfield
2,Premier League,28/08/2002,2,4,Blackburn Rovers,Ewood Park
2,Premier League,02/09/2002,2,5,Newcastle United,Anfield
2,Premier League,11/09/2002,2,6,Birmingham City,Anfield
2,Premier League,14/09/2002,3,7,Bolton Wanderers,Reebok Stadium
2,Champions League First Group Phase,17/09/2002,0,8,Valencia,Mestalla
0,Premier League,21/09/2002,2,9,West Bromwich Albion,Anfield
1,Champions League First Group Phase,25/09/2002,1,10,Basel,Anfield
0,Premier League,28/09/2002,3,11,Manchester City,Maine Road
0,Champions League First Group Phase,02/10/2002,5,12,Spartak Moscow,Anfield
0,Premier League,06/10/2002,1,13,Chelsea,Anfield
0,Premier League,19/10/2002,1,14,Leeds United,Elland Road
1,Champions League First Group Phase,22/10/2002,3,15,Spartak Moscow,Dinamo Stadium
1,Premier League,26/10/2002,2,16,Tottenham Hotspur,Anfield
1,Champions League First Group Phase,30/10/2002,0,17,Valencia,Anfield
0,Premier League,02/11/2002,2,18,West Ham United,Anfield
1,League Cup 3rd round,06/11/2002,3,19,Southampton,Anfield
1,Premier League,09/11/2002,0,20,Middlesbrough,Riverside
3,Champions League First Group Phase,12/11/2002,3,21,Basel,Saint Jakob Stadium
0,Premier League,17/11/2002,0,22,Sunderland,Anfield
3,Premier League,23/11/2002,2,23,Fulham,Loftus Road
0,UEFA Cup 3rd round 1st leg,28/11/2002,1,24,Vitesse Arnhem,Gelredome
2,Premier League,01/12/2002,1,25,Manchester United,Anfield
1,League Cup 4th round,04/12/2002,1,26,Ipswich Town,Anfield
2,Premier League,07/12/2002,0,27,Charlton Athletic,The Valley
0,UEFA Cup 3rd round 2nd leg,12/12/2002,1,28,Vitesse Arnhem,Anfield
2,Premier League,15/12/2002,1,29,Sunderland,Stadium of Light
3,League Cup 5th round ,18/12/2002,4,30,Aston Villa,Villa Park
0,Premier League,22/12/2002,0,31,Everton,Anfield
1,Premier League,26/12/2002,1,32,Blackburn Rovers,Anfield
1,Premier League,29/12/2002,1,33,Arsenal,Highbury
1,Premier League,01/01/2003,0,34,Newcastle United,St James' Park
0,FA Cup 3rd round,05/01/2003,1,35,Manchester City,Maine Road
2,League Cup Semi-final 1st leg,08/01/2003,1,36,Sheffield United,Bramall Lane
1,Premier League,11/01/2003,1,37,Aston Villa,Anfield
0,Premier League,18/01/2003,1,38,Southampton,St Mary's
0,League Cup Semi-final 2nd leg,21/01/2003,2,39,Sheffield United,Anfield
0,FA Cup 4th round,26/01/2003,0,40,Crystal Palace,Selhurst Park
2,Premier League,29/01/2003,2,41,Arsenal,Anfield
0,Premier League,02/02/2003,3,42,West Ham United,Upton Park
2,FA Cup 4th round replay,05/02/2003,0,43,Crystal Palace,Anfield
1,Premier League,08/02/2003,1,44,Middlesbrough,Anfield
0,UEFA Cup 4th round 1st leg,20/02/2003,1,45,Auxerre,Stade de l'Abbé Deschamps
2,Premier League,23/02/2003,1,46,Birmingham City,St Andrews
0,UEFA Cup 4th round 2nd leg,27/02/2003,2,47,Auxerre,Anfield
0,League Cup Final ,02/03/2003,2,48,Manchester United,Millennium Stadium
0,Premier League,08/03/2003,2,49,Bolton Wanderers,Anfield
1,UEFA Cup 5th round 1st leg,13/03/2003,1,50,Celtic,Celtic Park
2,Premier League,16/03/2003,3,51,Tottenham Hotspur,White Hart Lane
2,UEFA Cup 5th round 2nd leg,20/03/2003,0,52,Celtic,Anfield
1,Premier League,23/03/2003,3,53,Leeds United,Anfield
4,Premier League,05/04/2003,0,54,Manchester United,Old Trafford
0,Premier League,12/04/2003,2,55,Fulham,Anfield
1,Premier League,19/04/2003,2,56,Everton,Goodison Park
1,Premier League,21/04/2003,2,57,Charlton Athletic,Anfield
0,Premier League,26/04/2003,6,58,West Bromwich Albion,The Hawthorns
2,Premier League,03/05/2003,1,59,Manchester City,Anfield
2,Premier League,11/05/2003,1,60,Chelsea,Stamford Bridge
3,Premier League,12/08/2017,3,1,Watford,Vicarage Road
1,Champions League Qualifier 1st leg,15/08/2017,2,2,TSG 1899 Hoffenheim,Rhein-Neckar-Arena
0,Premier League,19/08/2017,1,3,Crystal Palace,Anfield
2,Champions League Qualifier 2nd leg,23/08/2017,4,4,TSG 1899 Hoffenheim,Anfield
0,Premier League,27/08/2017,4,5,Arsenal,Anfield
5,Premier League,09/09/2017,0,6,Manchester City,Etihad Stadium
2,Champions League First Group Phase,13/09/2017,2,7,Sevilla,Anfield
1,Premier League,16/09/2017,1,8,Burnley,Anfield
2,League Cup 3rd round,19/09/2017,0,9,Leicester City,The Walkers Stadium
2,Premier League,23/09/2017,3,10,Leicester City,The Walkers Stadium
1,Champions League First Group Phase,26/09/2017,1,11,Spartak Moscow,Otkrytiye Arena
1,Premier League,01/10/2017,1,12,Newcastle United,St James' Park
0,Premier League,14/10/2017,0,13,Manchester United,Anfield
0,Champions League First Group Phase,17/10/2017,7,14,NK Maribor,Ljudski vrt
4,Premier League,22/10/2017,1,15,Tottenham Hotspur,Wembley
0,Premier League,28/10/2017,3,16,Huddersfield Town,Anfield
0,Champions League First Group Phase,01/11/2017,3,17,NK Maribor,Anfield
1,Premier League,04/11/2017,4,18,West Ham United, London Stadium
0,Premier League,18/11/2017,3,19,Southampton,Anfield
3,Champions League First Group Phase,21/11/2017,3,20,Sevilla,Ramón Sánchez Pizjuán Stadium
1,Premier League,25/11/2017,1,21,Chelsea,Anfield
0,Premier League,29/11/2017,3,22,Stoke City,Britannia Stadium
1,Premier League,02/12/2017,5,23,Brighton & Hove Albion,American Express Community Stadium
0,Champions League First Group Phase,06/12/2017,7,24,Spartak Moscow,Anfield
1,Premier League,10/12/2017,1,25,Everton,Anfield
0,Premier League,13/12/2017,0,26,West Bromwich Albion,Anfield
0,Premier League,17/12/2017,4,27,Bournemouth,Dean Court
3,Premier League,22/12/2017,3,28,Arsenal,Emirates Stadium
0,Premier League,26/12/2017,5,29,Swansea City,Anfield
3,Premier League,14/08/2016,4,1,Arsenal,Emirates Stadium
2,Premier League,20/08/2016,0,2,Burnley,Turf Moor
0,League Cup 2nd round,23/08/2016,5,3,Burton Albion,Pirelli Stadium
1,Premier League,27/08/2016,1,4,Tottenham Hotspur,White Hart Lane
1,Premier League,10/09/2016,4,5,Leicester City,Anfield
1,Premier League,16/09/2016,2,6,Chelsea,Stamford Bridge
0,League Cup 3rd round,20/09/2016,3,7,Derby County,Pride Park
1,Premier League,24/09/2016,5,8,Hull City,Anfield
1,Premier League,01/10/2016,2,9,Swansea City,Liberty Stadium
0,Premier League,17/10/2016,0,10,Manchester United,Anfield
1,Premier League,22/10/2016,2,11,West Bromwich Albion,Anfield
1,League Cup 4th round,25/10/2016,2,12,Tottenham Hotspur,Anfield
2,Premier League,29/10/2016,4,13,Crystal Palace,Selhurst Park
1,Premier League,06/11/2016,6,14,Watford,Anfield
0,Premier League,19/11/2016,0,15,Southampton,St Mary's
0,Premier League,26/11/2016,2,16,Sunderland,Anfield
0,League Cup 5th round ,29/11/2016,2,17,Leeds United,Anfield
4,Premier League,04/12/2016,3,18,Bournemouth,Dean Court
2,Premier League,11/12/2016,2,19,West Ham United,Anfield
0,Premier League,14/12/2016,3,20,Middlesbrough,Riverside
0,Premier League,19/12/2016,1,21,Everton,Goodison Park
1,Premier League,27/12/2016,4,22,Stoke City,Anfield
0,Premier League,31/12/2016,1,23,Manchester City,Anfield
2,Premier League,02/01/2017,2,24,Sunderland,Stadium of Light
0,FA Cup 3rd round,08/01/2017,0,25,Plymouth Argyle,Anfield
1,League Cup Semi-final 1st leg,11/01/2017,0,26,Southampton,St Mary's
1,Premier League,15/01/2017,1,27,Manchester United,Old Trafford
0,FA Cup 3rd round replay,18/01/2017,1,28,Plymouth Argyle,Home Park
3,Premier League,21/01/2017,2,29,Swansea City,Anfield
1,League Cup Semi-final 2nd leg,25/01/2017,0,30,Southampton,Anfield
2,FA Cup 4th round,28/01/2017,1,31,Wolves,Anfield
1,Premier League,31/01/2017,1,32,Chelsea,Anfield
2,Premier League,04/02/2017,0,33,Hull City,Kingston Communications Stadium
0,Premier League,11/02/2017,2,34,Tottenham Hotspur,Anfield
3,Premier League,27/02/2017,1,35,Leicester City,The Walkers Stadium
1,Premier League,04/03/2017,3,36,Arsenal,Anfield
1,Premier League,12/03/2017,2,37,Burnley,Anfield
1,Premier League,19/03/2017,1,38,Manchester City,Etihad Stadium
1,Premier League,01/04/2017,3,39,Everton,Anfield
2,Premier League,05/04/2017,2,40,Bournemouth,Anfield
1,Premier League,08/04/2017,2,41,Stoke City,Britannia Stadium
0,Premier League,16/04/2017,1,42,West Bromwich Albion,The Hawthorns
2,Premier League,23/04/2017,1,43,Crystal Palace,Anfield
0,Premier League,01/05/2017,1,44,Watford,Vicarage Road
0,Premier League,07/05/2017,0,45,Southampton,Anfield
0,Premier League,14/05/2017,4,46,West Ham United, London Stadium
0,Premier League,21/05/2017,3,47,Middlesbrough,Anfield
0,Premier League,09/08/2015,1,1,Stoke City,Britannia Stadium
0,Premier League,17/08/2015,1,2,Bournemouth,Anfield
0,Premier League,24/08/2015,0,3,Arsenal,Emirates Stadium
3,Premier League,29/08/2015,0,4,West Ham United,Anfield
3,Premier League,12/09/2015,1,5,Manchester United,Old Trafford
1,Europa League Group Stage,17/09/2015,1,6,Bordeaux,Stade Atlantique
1,Premier League,20/09/2015,1,7,Norwich City,Anfield
1,League Cup 3rd round,23/09/2015,1,8,Carlisle United,Anfield
2,Premier League,26/09/2015,3,9,Aston Villa,Anfield
1,Europa League Group Stage,01/10/2015,1,10,Sion,Anfield
1,Premier League,04/10/2015,1,11,Everton,Goodison Park
0,Premier League,17/10/2015,0,12,Tottenham Hotspur,White Hart Lane
1,Europa League Group Stage,22/10/2015,1,13,Rubin Kazan,Anfield
1,Premier League,25/10/2015,1,14,Southampton,Anfield
0,League Cup 4th round,28/10/2015,1,15,Bournemouth,Anfield
1,Premier League,31/10/2015,3,16,Chelsea,Stamford Bridge
0,Europa League Group Stage,05/11/2015,1,17,Rubin Kazan,Kazan Arena
2,Premier League,08/11/2015,1,18,Crystal Palace,Anfield
1,Premier League,21/11/2015,4,19,Manchester City,Etihad Stadium
1,Europa League Group Stage,26/11/2015,2,20,Bordeaux,Anfield
0,Premier League,29/11/2015,1,21,Swansea City,Anfield
1,League Cup 5th round ,02/12/2015,6,22,Southampton,St Mary's
2,Premier League,06/12/2015,0,23,Newcastle United,St James' Park
0,Europa League Group Stage,10/12/2015,0,24,Sion,Stade de Tourbillon 
2,Premier League,13/12/2015,2,25,West Bromwich Albion,Anfield
3,Premier League,20/12/2015,0,26,Watford,Vicarage Road
0,Premier League,26/12/2015,1,27,Leicester City,Anfield
0,Premier League,30/12/2015,1,28,Sunderland,Stadium of Light
2,Premier League,02/01/2016,0,29,West Ham United,Upton Park
0,League Cup Semi-final 1st leg,05/01/2016,1,30,Stoke City,Britannia Stadium
2,FA Cup 3rd round,08/01/2016,2,31,Exeter City,"St James Park, Exeter"
3,Premier League,13/01/2016,3,32,Arsenal,Anfield
1,Premier League,17/01/2016,0,33,Manchester United,Anfield
0,FA Cup 3rd round replay,20/01/2016,3,34,Exeter City,Anfield
4,Premier League,23/01/2016,5,35,Norwich City,Carrow Road
1,League Cup Semi-final 2nd leg,26/01/2016,0,36,Stoke City,Anfield
0,FA Cup 4th round,30/01/2016,0,37,West Ham United,Anfield
2,Premier League,02/02/2016,0,38,Leicester City,The Walkers Stadium
2,Premier League,06/02/2016,2,39,Sunderland,Anfield
2,FA Cup 4th round replay,09/02/2016,1,40,West Ham United,Upton Park
0,Premier League,14/02/2016,6,41,Aston Villa,Villa Park
0,Europa League Round of 32,18/02/2016,0,42,Augsburg,WWK Arena
0,Europa League Round of 32,25/02/2016,1,43,Augsburg,Anfield
1,League Cup Final ,28/02/2016,1,44,Manchester City,Wembley
0,Premier League,02/03/2016,3,45,Manchester City,Anfield
1,Premier League,06/03/2016,2,46,Crystal Palace,Selhurst Park
0,Europa League Round of 16,10/03/2016,2,47,Manchester United,Anfield
1,Europa League Round of 16,17/03/2016,1,48,Manchester United,Old Trafford
3,Premier League,20/03/2016,2,49,Southampton,St Mary's
1,Premier League,02/04/2016,1,50,Tottenham Hotspur,Anfield
1,Europa League Quarter Finals,07/04/2016,1,51,Borussia Dortmund,Westfalen Stadion
1,Premier League,10/04/2016,4,52,Stoke City,Anfield
3,Europa League Quarter Finals,14/04/2016,4,53,Borussia Dortmund,Anfield
1,Premier League,17/04/2016,2,54,Bournemouth,Dean Court
0,Premier League,20/04/2016,4,55,Everton,Anfield
2,Premier League,23/04/2016,2,56,Newcastle United,Anfield
1,Europa League Semi Finals,28/04/2016,0,57,Villarreal,Estadio El Madrigal
3,Premier League,01/05/2016,1,58,Swansea City,Liberty Stadium
0,Europa League Semi Finals,05/05/2016,3,59,Villarreal,Anfield
0,Premier League,08/05/2016,2,60,Watford,Anfield
1,Premier League,11/05/2016,1,61,Chelsea,Anfield
1,Premier League,15/05/2016,1,62,West Bromwich Albion,The Hawthorns
3,Europa League Final,18/05/2016,1,63,Sevilla,Saint Jakob Stadium
1,Premier League,17/08/2014,2,1,Southampton,Anfield
3,Premier League,25/08/2014,1,2,Manchester City,Etihad Stadium
0,Premier League,31/08/2014,3,3,Tottenham Hotspur,White Hart Lane
1,Premier League,13/09/2014,0,4,Aston Villa,Anfield
1,Champions League First Group Phase,16/09/2014,2,5,Ludogorets Razgrad,Anfield
3,Premier League,20/09/2014,1,6,West Ham United,Upton Park
2,League Cup 3rd round,23/09/2014,2,7,Middlesbrough,Anfield
1,Premier League,27/09/2014,1,8,Everton,Anfield
1,Champions League First Group Phase,01/10/2014,0,9,Basel,Saint Jakob Stadium
1,Premier League,04/10/2014,2,10,West Bromwich Albion,Anfield
2,Premier League,19/10/2014,3,11,Queens Park Rangers,Loftus Road
3,Champions League First Group Phase,22/10/2014,0,12,Real Madrid,Anfield
0,Premier League,25/10/2014,0,13,Hull City,Anfield
1,League Cup 4th round,28/10/2014,2,14,Swansea City,Anfield
1,Premier League,01/11/2014,0,15,Newcastle United,St James' Park
1,Champions League First Group Phase,04/11/2014,0,16,Real Madrid,Bernabeu Stadium
2,Premier League,08/11/2014,1,17,Chelsea,Anfield
3,Premier League,23/11/2014,1,18,Crystal Palace,Selhurst Park
2,Champions League First Group Phase,26/11/2014,2,19,Ludogorets Razgrad,Vassil Levski
0,Premier League,29/11/2014,1,20,Stoke City,Anfield
1,Premier League,02/12/2014,3,21,Leicester City,The Walkers Stadium
0,Premier League,06/12/2014,0,22,Sunderland,Anfield
1,Champions League First Group Phase,09/12/2014,1,23,Basel,Anfield
3,Premier League,14/12/2014,0,24,Manchester United,Old Trafford
1,League Cup 5th round ,17/12/2014,3,25,Bournemouth,Dean Court
2,Premier League,21/12/2014,2,26,Arsenal,Anfield
0,Premier League,26/12/2014,1,27,Burnley,Turf Moor
1,Premier League,29/12/2014,4,28,Swansea City,Anfield
2,Premier League,01/01/2015,2,29,Leicester City,Anfield
1,FA Cup 3rd round,05/01/2015,2,30,AFC Wimbledon,Kingsmeadow
0,Premier League,10/01/2015,1,31,Sunderland,Stadium of Light
0,Premier League,17/01/2015,2,32,Aston Villa,Villa Park
1,League Cup Semi-final 1st leg,20/01/2015,1,33,Chelsea,Anfield
0,FA Cup 4th round,24/01/2015,0,34,Bolton Wanderers,Anfield
1,League Cup Semi-final 2nd leg,27/01/2015,0,35,Chelsea,Stamford Bridge
0,Premier League,31/01/2015,2,36,West Ham United,Anfield
1,FA Cup 4th round replay,04/02/2015,2,37,Bolton Wanderers,Reebok Stadium
0,Premier League,07/02/2015,0,38,Everton,Goodison Park
2,Premier League,10/02/2015,3,39,Tottenham Hotspur,Anfield
1,FA Cup 5th round,14/02/2015,2,40,Crystal Palace,Selhurst Park
0,Europa League Round of 32,19/02/2015,1,41,Besiktas,Anfield
0,Premier League,22/02/2015,2,42,Southampton,St Mary's
1,Europa League Round of 32,26/02/2015,0,43,Besiktas,Ataturk Stadium
1,Premier League,01/03/2015,2,44,Manchester City,Anfield
0,Premier League,04/03/2015,2,45,Burnley,Anfield
0,FA Cup 6th round,08/03/2015,0,46,Blackburn Rovers,Anfield
0,Premier League,16/03/2015,1,47,Swansea City,Liberty Stadium
2,Premier League,22/03/2015,1,48,Manchester United,Anfield
4,Premier League,04/04/2015,1,49,Arsenal,Emirates Stadium
0,FA Cup 6th round replay,08/04/2015,1,50,Blackburn Rovers,Ewood Park
0,Premier League,13/04/2015,2,51,Newcastle United,Anfield
2,FA Cup Semi-final,19/04/2015,1,52,Aston Villa,Wembley
0,Premier League,25/04/2015,0,53,West Bromwich Albion,The Hawthorns
1,Premier League,28/04/2015,0,54,Hull City,Kingston Communications Stadium
1,Premier League,02/05/2015,2,55,Queens Park Rangers,Anfield
1,Premier League,10/05/2015,1,56,Chelsea,Stamford Bridge
3,Premier League,16/05/2015,1,57,Crystal Palace,Anfield
6,Premier League,24/05/2015,1,58,Stoke City,Britannia Stadium
0,Premier League,17/08/2013,1,1,Stoke City,Anfield
0,Premier League,24/08/2013,1,2,Aston Villa,Villa Park
2,League Cup 2nd round,27/08/2013,4,3,Notts County,Anfield
0,Premier League,01/09/2013,1,4,Manchester United,Anfield
2,Premier League,16/09/2013,2,5,Swansea City,Liberty Stadium
1,Premier League,21/09/2013,0,6,Southampton,Anfield
1,League Cup 3rd round,25/09/2013,0,7,Manchester United,Old Trafford
1,Premier League,29/09/2013,3,8,Sunderland,Stadium of Light
1,Premier League,05/10/2013,3,9,Crystal Palace,Anfield
2,Premier League,19/10/2013,2,10,Newcastle United,St James' Park
1,Premier League,26/10/2013,4,11,West Bromwich Albion,Anfield
2,Premier League,02/11/2013,0,12,Arsenal,Emirates Stadium
0,Premier League,09/11/2013,4,13,Fulham,Anfield
3,Premier League,23/11/2013,3,14,Everton,Goodison Park
3,Premier League,01/12/2013,1,15,Hull City,Kingston Communications Stadium
1,Premier League,04/12/2013,5,16,Norwich City,Anfield
1,Premier League,07/12/2013,4,17,West Ham United,Anfield
0,Premier League,15/12/2013,5,18,Tottenham Hotspur,White Hart Lane
1,Premier League,21/12/2013,3,19,Cardiff City,Anfield
2,Premier League,26/12/2013,1,20,Manchester City,Etihad Stadium
2,Premier League,29/12/2013,1,21,Chelsea,Stamford Bridge
0,Premier League,01/01/2014,2,22,Hull City,Anfield
0,FA Cup 3rd round,05/01/2014,2,23,Oldham Athletic,Anfield
3,Premier League,12/01/2014,5,24,Stoke City,Britannia Stadium
2,Premier League,18/01/2014,2,25,Aston Villa,Anfield
0,FA Cup 4th round,25/01/2014,2,26,Bournemouth,Dean Court
0,Premier League,28/01/2014,4,27,Everton,Anfield
1,Premier League,02/02/2014,1,28,West Bromwich Albion,The Hawthorns
1,Premier League,08/02/2014,5,29,Arsenal,Anfield
2,Premier League,12/02/2014,3,30,Fulham,Craven Cottage
2,FA Cup 5th round,16/02/2014,1,31,Arsenal,Emirates Stadium
3,Premier League,23/02/2014,4,32,Swansea City,Anfield
0,Premier League,01/03/2014,3,33,Southampton,St Mary's
0,Premier League,16/03/2014,3,34,Manchester United,Old Trafford
3,Premier League,22/03/2014,6,35,Cardiff City,Cardiff City Stadium
1,Premier League,26/03/2014,2,36,Sunderland,Anfield
0,Premier League,30/03/2014,4,37,Tottenham Hotspur,Anfield
1,Premier League,06/04/2014,2,38,West Ham United,Upton Park
2,Premier League,13/04/2014,3,39,Manchester City,Anfield
2,Premier League,20/04/2014,3,40,Norwich City,Carrow Road
2,Premier League,27/04/2014,0,41,Chelsea,Anfield
3,Premier League,05/05/2014,3,42,Crystal Palace,Selhurst Park
1,Premier League,11/05/2014,2,43,Newcastle United,Anfield
0,Europa League 3rd Qualifying Round 1st Leg,02/08/2012,1,1,Gomel,Central Stadion
0,Europa League 3rd Qualifying Round 2nd Leg,09/08/2012,3,2,Gomel,Anfield
3,Premier League,18/08/2012,0,3,West Bromwich Albion,The Hawthorns
0,Europa League Play-off 1st Leg,23/08/2012,1,4,Heart Of Midlothian,Tynecastle Stadium
2,Premier League,26/08/2012,2,5,Manchester City,Anfield
1,Europa League Play-off 2nd Leg,30/08/2012,1,6,Heart Of Midlothian,Anfield
2,Premier League,02/09/2012,0,7,Arsenal,Anfield
1,Premier League,15/09/2012,1,8,Sunderland,Stadium of Light
3,Europa League Group Stage,20/09/2012,5,9,Young Boys,Stade de Suisse
2,Premier League,23/09/2012,1,10,Manchester United,Anfield
1,League Cup 3rd round,26/09/2012,2,11,West Bromwich Albion,The Hawthorns
2,Premier League,29/09/2012,5,12,Norwich City,Carrow Road
3,Europa League Group Stage,04/10/2012,2,13,Udinese,Anfield
0,Premier League,07/10/2012,0,14,Stoke City,Anfield
0,Premier League,20/10/2012,1,15,Reading,Anfield
0,Europa League Group Stage,25/10/2012,1,16,Anzhi Makhachkala,Anfield
2,Premier League,28/10/2012,2,17,Everton,Goodison Park
3,League Cup 4th round,31/10/2012,1,18,Swansea City,Anfield
1,Premier League,04/11/2012,1,19,Newcastle United,Anfield
1,Europa League Group Stage,08/11/2012,0,20,Anzhi Makhachkala,Lokomotiv Stadium
1,Premier League,11/11/2012,1,21,Chelsea,Stamford Bridge
0,Premier League,17/11/2012,3,22,Wigan Athletic,Anfield
2,Europa League Group Stage,22/11/2012,2,23,Young Boys,Anfield
0,Premier League,25/11/2012,0,24,Swansea City,Liberty Stadium
2,Premier League,28/11/2012,1,25,Tottenham Hotspur,White Hart Lane
0,Premier League,01/12/2012,1,26,Southampton,Anfield
0,Europa League Group Stage,06/12/2012,1,27,Udinese,Stadio Friuli
2,Premier League,09/12/2012,3,28,West Ham United,Upton Park
3,Premier League,15/12/2012,1,29,Aston Villa,Anfield
0,Premier League,22/12/2012,4,30,Fulham,Anfield
3,Premier League,26/12/2012,1,31,Stoke City,Britannia Stadium
0,Premier League,30/12/2012,3,32,Queens Park Rangers,Loftus Road
0,Premier League,02/01/2013,3,33,Sunderland,Anfield
1,FA Cup 3rd round,06/01/2013,2,34,Mansfield Town,Field Mill
2,Premier League,13/01/2013,1,35,Manchester United,Old Trafford
0,Premier League,19/01/2013,5,36,Norwich City,Anfield
3,FA Cup 4th round,27/01/2013,2,37,Oldham Athletic,Boundary Park
2,Premier League,30/01/2013,2,38,Arsenal,Emirates Stadium
2,Premier League,03/02/2013,2,39,Manchester City,Etihad Stadium
2,Premier League,11/02/2013,0,40,West Bromwich Albion,Anfield
2,Europa League Round of 32,14/02/2013,0,41,Zenit Saint Petersburg,Petrovsky Stadium
0,Premier League,17/02/2013,5,42,Swansea City,Anfield
1,Europa League Round of 32,21/02/2013,3,43,Zenit Saint Petersburg,Anfield
0,Premier League,02/03/2013,4,44,Wigan Athletic,DW Stadium
2,Premier League,10/03/2013,3,45,Tottenham Hotspur,Anfield
3,Premier League,16/03/2013,1,46,Southampton,St Mary's
1,Premier League,31/03/2013,2,47,Aston Villa,Villa Park
0,Premier League,07/04/2013,0,48,West Ham United,Anfield
0,Premier League,13/04/2013,0,49,Reading,Madejski Stadium
2,Premier League,21/04/2013,2,50,Chelsea,Anfield
0,Premier League,27/04/2013,6,51,Newcastle United,St James' Park
0,Premier League,05/05/2013,0,52,Everton,Anfield
1,Premier League,12/05/2013,3,53,Fulham,Craven Cottage
0,Premier League,19/05/2013,1,54,Queens Park Rangers,Anfield
1,Premier League,13/08/2011,1,1,Sunderland,Anfield
0,Premier League,20/08/2011,2,2,Arsenal,Emirates Stadium
1,League Cup 2nd round,24/08/2011,3,3,Exeter City,"St James Park, Exeter"
1,Premier League,27/08/2011,3,4,Bolton Wanderers,Anfield
1,Premier League,10/09/2011,0,5,Stoke City,Britannia Stadium
4,Premier League,18/09/2011,0,6,Tottenham Hotspur,White Hart Lane
1,League Cup 3rd round,21/09/2011,2,7,Brighton & Hove Albion,American Express Community Stadium
1,Premier League,24/09/2011,2,8,Wolves,Anfield
0,Premier League,01/10/2011,2,9,Everton,Goodison Park
1,Premier League,15/10/2011,1,10,Manchester United,Anfield
1,Premier League,22/10/2011,1,11,Norwich City,Anfield
1,League Cup 4th round,26/10/2011,2,12,Stoke City,Britannia Stadium
0,Premier League,29/10/2011,2,13,West Bromwich Albion,The Hawthorns
0,Premier League,05/11/2011,0,14,Swansea City,Anfield
1,Premier League,20/11/2011,2,15,Chelsea,Stamford Bridge
1,Premier League,27/11/2011,1,16,Manchester City,Anfield
0,League Cup 5th round ,29/11/2011,2,17,Chelsea,Stamford Bridge
1,Premier League,05/12/2011,0,18,Fulham,Craven Cottage
0,Premier League,10/12/2011,1,19,Queens Park Rangers,Anfield
0,Premier League,18/12/2011,2,20,Aston Villa,Villa Park
0,Premier League,21/12/2011,0,21,Wigan Athletic,DW Stadium
1,Premier League,26/12/2011,1,22,Blackburn Rovers,Anfield
1,Premier League,30/12/2011,3,23,Newcastle United,Anfield
3,Premier League,03/01/2012,0,24,Manchester City,Etihad Stadium
1,FA Cup 3rd round,06/01/2012,5,25,Oldham Athletic,Anfield
0,League Cup Semi-final 1st leg,11/01/2012,1,26,Manchester City,Etihad Stadium
0,Premier League,14/01/2012,0,27,Stoke City,Anfield
3,Premier League,21/01/2012,1,28,Bolton Wanderers,Reebok Stadium
2,League Cup Semi-final 2nd leg,25/01/2012,2,29,Manchester City,Anfield
1,FA Cup 4th round,28/01/2012,2,30,Manchester United,Anfield
0,Premier League,31/01/2012,3,31,Wolves,Molineux
0,Premier League,06/02/2012,0,32,Tottenham Hotspur,Anfield
2,Premier League,11/02/2012,1,33,Manchester United,Old Trafford
1,FA Cup 5th round,19/02/2012,6,34,Brighton & Hove Albion,Anfield
2,League Cup Final ,26/02/2012,2,35,Cardiff City,Wembley
2,Premier League,03/03/2012,1,36,Arsenal,Anfield
1,Premier League,10/03/2012,0,37,Sunderland,Stadium of Light
0,Premier League,13/03/2012,3,38,Everton,Anfield
1,FA Cup 6th round,18/03/2012,2,39,Stoke City,Anfield
3,Premier League,21/03/2012,2,40,Queens Park Rangers,Loftus Road
2,Premier League,24/03/2012,1,41,Wigan Athletic,Anfield
2,Premier League,01/04/2012,0,42,Newcastle United,St James' Park
1,Premier League,07/04/2012,1,43,Aston Villa,Anfield
2,Premier League,10/04/2012,3,44,Blackburn Rovers,Ewood Park
1,FA Cup Semi-final,14/04/2012,2,45,Everton,Wembley
1,Premier League,22/04/2012,0,46,West Bromwich Albion,Anfield
0,Premier League,28/04/2012,3,47,Norwich City,Carrow Road
1,Premier League,01/05/2012,0,48,Fulham,Anfield
2,FA Cup Final,05/05/2012,1,49,Chelsea,Wembley
1,Premier League,08/05/2012,4,50,Chelsea,Anfield
1,Premier League,13/05/2012,0,51,Swansea City,Liberty Stadium
0,Europa League 3rd Qualifying Round 1st Leg,29/07/2010,2,1,Rabotnicki,Philip II Arena
0,Europa League 3rd Qualifying Round 2nd Leg,05/08/2010,2,2,Rabotnicki,Anfield
1,Premier League,15/08/2010,1,3,Arsenal,Anfield
0,Europa League Play-off 1st Leg,19/08/2010,1,4,Trabzonspor,Anfield
3,Premier League,23/08/2010,0,5,Manchester City,City of Manchester Stadium 
1,Europa League Play-off 2nd Leg,26/08/2010,2,6,Trabzonspor,Hüseyin Avni Aker Stadium
0,Premier League,29/08/2010,1,7,West Bromwich Albion,Anfield
0,Premier League,12/09/2010,0,8,Birmingham City,St Andrews
1,Europa League Group Stage,16/09/2010,4,9,Steaua  Bucharest,Anfield
3,Premier League,19/09/2010,2,10,Manchester United,Old Trafford
2,League Cup 3rd round,22/09/2010,2,11,Northampton Town,Anfield
2,Premier League,25/09/2010,2,12,Sunderland,Anfield
0,Europa League Group Stage,30/09/2010,0,13,Utrecht,Stadion Galgenwaard
2,Premier League,03/10/2010,1,14,Blackpool,Anfield
2,Premier League,17/10/2010,0,15,Everton,Goodison Park
0,Europa League Group Stage,21/10/2010,0,16,Napoli,Stadio San Paolo
1,Premier League,24/10/2010,2,17,Blackburn Rovers,Anfield
0,Premier League,31/10/2010,1,18,Bolton Wanderers,Reebok Stadium
1,Europa League Group Stage,04/11/2010,3,19,Napoli,Anfield
0,Premier League,07/11/2010,2,20,Chelsea,Anfield
1,Premier League,10/11/2010,1,21,Wigan Athletic,DW Stadium
2,Premier League,13/11/2010,0,22,Stoke City,Britannia Stadium
0,Premier League,20/11/2010,3,23,West Ham United,Anfield
2,Premier League,28/11/2010,1,24,Tottenham Hotspur,White Hart Lane
1,Europa League Group Stage,02/12/2010,1,25,Steaua  Bucharest,Ghencea Stadium
0,Premier League,06/12/2010,3,26,Aston Villa,Anfield
3,Premier League,11/12/2010,1,27,Newcastle United,St James' Park
0,Europa League Group Stage,15/12/2010,0,28,Utrecht,Anfield
1,Premier League,29/12/2010,0,29,Wolves,Anfield
1,Premier League,01/01/2011,2,30,Bolton Wanderers,Anfield
3,Premier League,05/01/2011,1,31,Blackburn Rovers,Ewood Park
1,FA Cup 3rd round,09/01/2011,0,32,Manchester United,Old Trafford
2,Premier League,12/01/2011,1,33,Blackpool,Bloomfield Road
2,Premier League,16/01/2011,2,34,Everton,Anfield
0,Premier League,22/01/2011,3,35,Wolves,Molineux
0,Premier League,26/01/2011,1,36,Fulham,Anfield
0,Premier League,02/02/2011,2,37,Stoke City,Anfield
0,Premier League,06/02/2011,1,38,Chelsea,Stamford Bridge
1,Premier League,12/02/2011,1,39,Wigan Athletic,Anfield
0,Europa League Round of 32,17/02/2011,0,40,Sparta Prague,Generali Arena
0,Europa League Round of 32,24/02/2011,1,41,Sparta Prague,Anfield
3,Premier League,27/02/2011,1,42,West Ham United,Upton Park
1,Premier League,06/03/2011,3,43,Manchester United,Anfield
1,Europa League Round of 16,10/03/2011,0,44,Braga,Estádio Municipal de Braga
0,Europa League Round of 16,17/03/2011,0,45,Braga,Anfield
0,Premier League,20/03/2011,2,46,Sunderland,Stadium of Light
2,Premier League,02/04/2011,1,47,West Bromwich Albion,The Hawthorns
0,Premier League,11/04/2011,3,48,Manchester City,Anfield
1,Premier League,17/04/2011,1,49,Arsenal,Emirates Stadium
0,Premier League,23/04/2011,5,50,Birmingham City,Anfield
0,Premier League,01/05/2011,3,51,Newcastle United,Anfield
2,Premier League,09/05/2011,5,52,Fulham,Craven Cottage
2,Premier League,15/05/2011,0,53,Tottenham Hotspur,Anfield
1,Premier League,22/05/2011,0,54,Aston Villa,Villa Park
2,Premier League,16/08/2009,1,1,Tottenham Hotspur,White Hart Lane
0,Premier League,19/08/2009,4,2,Stoke City,Anfield
3,Premier League,24/08/2009,1,3,Aston Villa,Anfield
2,Premier League,29/08/2009,3,4,Bolton Wanderers,Reebok Stadium
0,Premier League,12/09/2009,4,5,Burnley,Anfield
0,Champions League First Group Phase,16/09/2009,1,6,Debrecen VSC,Anfield
2,Premier League,19/09/2009,3,7,West Ham United,Upton Park
0,League Cup 3rd round,22/09/2009,1,8,Leeds United,Elland Road
1,Premier League,26/09/2009,6,9,Hull City,Anfield
2,Champions League First Group Phase,29/09/2009,0,10,Fiorentina,Stadio Artemio Franchi
2,Premier League,04/10/2009,0,11,Chelsea,Stamford Bridge
1,Premier League,17/10/2009,0,12,Sunderland,Stadium of Light
2,Champions League First Group Phase,20/10/2009,1,13,Olympique Lyonnais,Anfield
0,Premier League,25/10/2009,2,14,Manchester United,Anfield
2,League Cup 4th round,28/10/2009,1,15,Arsenal,Emirates Stadium
3,Premier League,31/10/2009,1,16,Fulham,Craven Cottage
1,Champions League First Group Phase,04/11/2009,1,17,Olympique Lyonnais,Stade Gerland
2,Premier League,09/11/2009,2,18,Birmingham City,Anfield
2,Premier League,21/11/2009,2,19,Manchester City,Anfield
0,Champions League First Group Phase,24/11/2009,1,20,Debrecen VSC,Ferenc Puskás
0,Premier League,29/11/2009,2,21,Everton,Goodison Park
0,Premier League,05/12/2009,0,22,Blackburn Rovers,Ewood Park
2,Champions League First Group Phase,09/12/2009,1,23,Fiorentina,Anfield
2,Premier League,13/12/2009,1,24,Arsenal,Anfield
1,Premier League,16/12/2009,2,25,Wigan Athletic,Anfield
2,Premier League,19/12/2009,0,26,Portsmouth,Fratton Park
0,Premier League,26/12/2009,2,27,Wolves,Anfield
0,Premier League,29/12/2009,1,28,Aston Villa,Villa Park
1,FA Cup 3rd round,02/01/2010,1,29,Reading,Madejski Stadium
2,FA Cup 3rd round replay,13/01/2010,1,30,Reading,Anfield
1,Premier League,16/01/2010,1,31,Stoke City,Britannia Stadium
0,Premier League,20/01/2010,2,32,Tottenham Hotspur,Anfield
0,Premier League,26/01/2010,0,33,Wolves,Molineux
0,Premier League,30/01/2010,2,34,Bolton Wanderers,Anfield
0,Premier League,06/02/2010,1,35,Everton,Anfield
1,Premier League,10/02/2010,0,36,Arsenal,Emirates Stadium
0,Europa League Round of 32,18/02/2010,1,37,Unirea Urziceni,Anfield
0,Premier League,21/02/2010,0,38,Manchester City,City of Manchester Stadium 
1,Europa League Round of 32,25/02/2010,3,39,Unirea Urziceni,Ghencea Stadium
1,Premier League,28/02/2010,2,40,Blackburn Rovers,Anfield
1,Premier League,08/03/2010,0,41,Wigan Athletic,DW Stadium
1,Europa League Round of 16,11/03/2010,0,42,Lille,Stadium Lille Métropole
1,Premier League,15/03/2010,4,43,Portsmouth,Anfield
0,Europa League Round of 16,18/03/2010,3,44,Lille,Anfield
2,Premier League,21/03/2010,1,45,Manchester United,Old Trafford
0,Premier League,28/03/2010,3,46,Sunderland,Anfield
2,Europa League Quarter Finals,01/04/2010,1,47,Benfica,Estadio da Luz
1,Premier League,04/04/2010,1,48,Birmingham City,St Andrews
1,Europa League Quarter Finals,08/04/2010,4,49,Benfica,Anfield
0,Premier League,11/04/2010,0,50,Fulham,Anfield
0,Premier League,19/04/2010,3,51,West Ham United,Anfield
1,Europa League Semi Finals,22/04/2010,0,52,Atletico Madrid,Estadio Vicente Calderon
0,Premier League,25/04/2010,4,53,Burnley,Turf Moor
1,Europa League Semi Finals,29/04/2010,2,54,Atletico Madrid,Anfield
2,Premier League,02/05/2010,0,55,Chelsea,Anfield
0,Premier League,09/05/2010,0,56,Hull City,Kingston Communications Stadium
0,Champions League 3rd Qualifying round 1st leg,13/08/2008,0,1,Standard Liege,Stade de Sclessin
0,Premier League,16/08/2008,1,2,Sunderland,Stadium of Light
1,Premier League,23/08/2008,2,3,Middlesbrough,Anfield
0,Champions League 3rd Qualifying round 2nd leg,27/08/2008,1,4,Standard Liege,Anfield
0,Premier League,31/08/2008,0,5,Aston Villa,Villa Park
1,Premier League,13/09/2008,2,6,Manchester United,Anfield
1,Champions League First Group Phase,16/09/2008,2,7,Marseille,Velodrome
0,Premier League,20/09/2008,0,8,Stoke City,Anfield
1,League Cup 3rd round,23/09/2008,2,9,Crewe Alexandra,Anfield
0,Premier League,27/09/2008,2,10,Everton,Goodison Park
1,Champions League First Group Phase,01/10/2008,3,11,PSV Eindhoven,Anfield
2,Premier League,05/10/2008,3,12,Manchester City,City of Manchester Stadium 
2,Premier League,18/10/2008,3,13,Wigan Athletic,Anfield
1,Champions League First Group Phase,22/10/2008,1,14,Atletico Madrid,Estadio Vicente Calderon
0,Premier League,26/10/2008,1,15,Chelsea,Stamford Bridge
0,Premier League,29/10/2008,1,16,Portsmouth,Anfield
2,Premier League,01/11/2008,1,17,Tottenham Hotspur,White Hart Lane
1,Champions League First Group Phase,04/11/2008,1,18,Atletico Madrid,Anfield
0,Premier League,08/11/2008,3,19,West Bromwich Albion,Anfield
4,League Cup 4th round,12/11/2008,2,20,Tottenham Hotspur,White Hart Lane
0,Premier League,15/11/2008,2,21,Bolton Wanderers,Reebok Stadium
0,Premier League,22/11/2008,0,22,Fulham,Anfield
0,Champions League First Group Phase,26/11/2008,1,23,Marseille,Anfield
0,Premier League,01/12/2008,0,24,West Ham United,Anfield
1,Premier League,06/12/2008,3,25,Blackburn Rovers,Ewood Park
1,Champions League First Group Phase,09/12/2008,3,26,PSV Eindhoven,Philips Stadion
2,Premier League,13/12/2008,2,27,Hull City,Anfield
1,Premier League,21/12/2008,1,28,Arsenal,Emirates Stadium
0,Premier League,26/12/2008,3,29,Bolton Wanderers,Anfield
1,Premier League,28/12/2008,5,30,Newcastle United,St James' Park
0,FA Cup 3rd round,03/01/2009,2,31,Preston North End,Deepdale
0,Premier League,10/01/2009,0,32,Stoke City,Britannia Stadium
1,Premier League,19/01/2009,1,33,Everton,Anfield
1,FA Cup 4th round,25/01/2009,1,34,Everton,Anfield
1,Premier League,28/01/2009,1,35,Wigan Athletic,JJB Stadium
0,Premier League,01/02/2009,2,36,Chelsea,Anfield
1,FA Cup 4th round replay,04/02/2009,0,37,Everton,Goodison Park
2,Premier League,07/02/2009,3,38,Portsmouth,Fratton Park
1,Premier League,22/02/2009,1,39,Manchester City,Anfield
0,Champions League  1st knockout r. 1st leg,25/02/2009,1,40,Real Madrid,Bernabeu Stadium
2,Premier League,28/02/2009,0,41,Middlesbrough,Riverside
0,Premier League,03/03/2009,2,42,Sunderland,Anfield
0,Champions League 1st knockout r. 2nd leg ,10/03/2009,4,43,Real Madrid,Anfield
1,Premier League,14/03/2009,4,44,Manchester United,Old Trafford
0,Premier League,22/03/2009,5,45,Aston Villa,Anfield
0,Premier League,04/04/2009,1,46,Fulham,Craven Cottage
3,Champions League Quarter-final 1st leg,08/04/2009,1,47,Chelsea,Anfield
0,Premier League,11/04/2009,4,48,Blackburn Rovers,Anfield
4,Champions League Quarter-final 2nd leg,14/04/2009,4,49,Chelsea,Stamford Bridge
4,Premier League,21/04/2009,4,50,Arsenal,Anfield
1,Premier League,25/04/2009,3,51,Hull City,Kingston Communications Stadium
0,Premier League,03/05/2009,3,52,Newcastle United,Anfield
0,Premier League,09/05/2009,3,53,West Ham United,Upton Park
0,Premier League,17/05/2009,2,54,West Bromwich Albion,The Hawthorns
1,Premier League,24/05/2009,3,55,Tottenham Hotspur,Anfield
1,Premier League,11/08/2007,2,1,Aston Villa,Villa Park
0,Champions League 3rd Qualifying round 1st leg,15/08/2007,1,2,Toulouse,Stadium Municipal
1,Premier League,19/08/2007,1,3,Chelsea,Anfield
0,Premier League,25/08/2007,2,4,Sunderland,Stadium of Light
0,Champions League 3rd Qualifying round 2nd leg,28/08/2007,4,5,Toulouse,Anfield
0,Premier League,01/09/2007,6,6,Derby County,Anfield
0,Premier League,15/09/2007,0,7,Portsmouth,Fratton Park
1,Champions League First Group Phase,18/09/2007,1,8,Porto,Estadio da Dragao
0,Premier League,22/09/2007,0,9,Birmingham City,Anfield
2,League Cup 3rd round,25/09/2007,4,10,Reading,Madejski Stadium
0,Premier League,29/09/2007,1,11,Wigan Athletic,JJB Stadium
1,Champions League First Group Phase,03/10/2007,0,12,Marseille,Anfield
2,Premier League,07/10/2007,2,13,Tottenham Hotspur,Anfield
1,Premier League,20/10/2007,2,14,Everton,Goodison Park
2,Champions League First Group Phase,24/10/2007,1,15,Besiktas,Inonu Stadium
1,Premier League,28/10/2007,1,16,Arsenal,Anfield
1,League Cup 4th round,31/10/2007,2,17,Cardiff City,Anfield
0,Premier League,03/11/2007,0,18,Blackburn Rovers,Ewood Park
0,Champions League First Group Phase,06/11/2007,8,19,Besiktas,Anfield
0,Premier League,10/11/2007,2,20,Fulham,Anfield
0,Premier League,24/11/2007,3,21,Newcastle United,St James' Park
1,Champions League First Group Phase,28/11/2007,4,22,Porto,Anfield
0,Premier League,02/12/2007,4,23,Bolton Wanderers,Anfield
3,Premier League,08/12/2007,1,24,Reading,Madejski Stadium
0,Champions League First Group Phase,11/12/2007,4,25,Marseille,Velodrome
1,Premier League,16/12/2007,0,26,Manchester United,Anfield
2,League Cup 5th round ,19/12/2007,0,27,Chelsea,Stamford Bridge
1,Premier League,22/12/2007,4,28,Portsmouth,Anfield
1,Premier League,26/12/2007,2,29,Derby County,Pride Park
0,Premier League,30/12/2007,0,30,Manchester City,City of Manchester Stadium 
1,Premier League,02/01/2008,1,31,Wigan Athletic,Anfield
1,FA Cup 3rd round,06/01/2008,1,32,Luton Town,Kenilworth Road
1,Premier League,12/01/2008,1,33,Middlesbrough,Riverside
0,FA Cup 3rd round replay,15/01/2008,5,34,Luton Town,Anfield
2,Premier League,21/01/2008,2,35,Aston Villa,Anfield
2,FA Cup 4th round,26/01/2008,5,36,Havant & Waterlooville,Anfield
1,Premier League,30/01/2008,0,37,West Ham United,Upton Park
0,Premier League,02/02/2008,3,38,Sunderland,Anfield
0,Premier League,10/02/2008,0,39,Chelsea,Stamford Bridge
2,FA Cup 5th round,16/02/2008,1,40,Barnsley,Anfield
0,Champions League  1st knockout r. 1st leg,19/02/2008,2,41,Inter Milan,Anfield
2,Premier League,23/02/2008,3,42,Middlesbrough,Anfield
1,Premier League,02/03/2008,3,43,Bolton Wanderers,Reebok Stadium
0,Premier League,05/03/2008,4,44,West Ham United,Anfield
0,Premier League,08/03/2008,3,45,Newcastle United,Anfield
0,Champions League 1st knockout r. 2nd leg ,11/03/2008,1,46,Inter Milan,San Siro
1,Premier League,15/03/2008,2,47,Reading,Anfield
3,Premier League,23/03/2008,0,48,Manchester United,Old Trafford
0,Premier League,30/03/2008,1,49,Everton,Anfield
1,Champions League Quarter-final 1st leg,02/04/2008,1,50,Arsenal,Emirates Stadium
1,Premier League,05/04/2008,1,51,Arsenal,Emirates Stadium
2,Champions League Quarter-final 2nd leg,08/04/2008,4,52,Arsenal,Anfield
1,Premier League,13/04/2008,3,53,Blackburn Rovers,Anfield
0,Premier League,19/04/2008,2,54,Fulham,Craven Cottage
1,Champions League Semi-final 1st leg,22/04/2008,1,55,Chelsea,Anfield
2,Premier League,26/04/2008,2,56,Birmingham City,St Andrews
3,Champions League Semi-final 2nd leg,30/04/2008,2,57,Chelsea,Stamford Bridge
0,Premier League,04/05/2008,1,58,Manchester City,Anfield
0,Premier League,11/05/2008,2,59,Tottenham Hotspur,White Hart Lane
1,Champions League 3rd Qualifying round 1st leg,09/08/2006,2,1,Maccabi Haifa,Anfield
1,Community Shield,13/08/2006,2,2,Chelsea,Millennium Stadium
1,Premier League,19/08/2006,1,3,Sheffield United,Bramall Lane
1,Champions League 3rd Qualifying round 2nd leg,22/08/2006,1,4,Maccabi Haifa,Valery Lobanovskiy Stadium
1,Premier League,26/08/2006,2,5,West Ham United,Anfield
3,Premier League,09/09/2006,0,6,Everton,Goodison Park
0,Champions League First Group Phase,12/09/2006,0,7,PSV Eindhoven,Philips Stadion
1,Premier League,17/09/2006,0,8,Chelsea,Stamford Bridge
0,Premier League,20/09/2006,2,9,Newcastle United,Anfield
0,Premier League,23/09/2006,3,10,Tottenham Hotspur,Anfield
2,Champions League First Group Phase,27/09/2006,3,11,Galatasaray,Anfield
2,Premier League,30/09/2006,0,12,Bolton Wanderers,Reebok Stadium
1,Premier League,14/10/2006,1,13,Blackburn Rovers,Anfield
0,Champions League First Group Phase,18/10/2006,1,14,Bordeaux,Jacques-Chaban Delmas Stadium
2,Premier League,22/10/2006,0,15,Manchester United,Old Trafford
3,League Cup 3rd round,25/10/2006,4,16,Reading,Anfield
1,Premier League,28/10/2006,3,17,Aston Villa,Anfield
0,Champions League First Group Phase,31/10/2006,3,18,Bordeaux,Anfield
0,Premier League,04/11/2006,2,19,Reading,Anfield
0,League Cup 4th round,08/11/2006,1,20,Birmingham City,St Andrews
3,Premier League,12/11/2006,0,21,Arsenal,Emirates Stadium
0,Premier League,18/11/2006,0,22,Middlesbrough,Riverside
0,Champions League First Group Phase,22/11/2006,2,23,PSV Eindhoven,Anfield
0,Premier League,25/11/2006,1,24,Manchester City,Anfield
0,Premier League,29/11/2006,0,25,Portsmouth,Anfield
0,Premier League,02/12/2006,4,26,Wigan Athletic,JJB Stadium
3,Champions League First Group Phase,05/12/2006,2,27,Galatasaray,Ataturk Stadium
0,Premier League,09/12/2006,4,28,Fulham,Anfield
0,Premier League,16/12/2006,3,29,Charlton Athletic,The Valley
0,Premier League,23/12/2006,2,30,Watford,Anfield
1,Premier League,26/12/2006,0,31,Blackburn Rovers,Ewood Park
0,Premier League,30/12/2006,1,32,Tottenham Hotspur,White Hart Lane
0,Premier League,01/01/2007,3,33,Bolton Wanderers,Anfield
3,FA Cup 3rd round,06/01/2007,1,34,Arsenal,Anfield
6,League Cup 5th round ,09/01/2007,3,35,Arsenal,Anfield
0,Premier League,13/01/2007,3,36,Watford,Vicarage Road
0,Premier League,20/01/2007,2,37,Chelsea,Anfield
1,Premier League,30/01/2007,2,38,West Ham United,Upton Park
0,Premier League,03/02/2007,0,39,Everton,Anfield
2,Premier League,10/02/2007,1,40,Newcastle United,St James' Park
1,Champions League  1st knockout r. 1st leg,21/02/2007,2,41,Barcelona,Nou Camp
0,Premier League,24/02/2007,4,42,Sheffield United,Anfield
1,Premier League,03/03/2007,0,43,Manchester United,Anfield
1,Champions League 1st knockout r. 2nd leg ,06/03/2007,0,44,Barcelona,Anfield
0,Premier League,18/03/2007,0,45,Aston Villa,Villa Park
1,Premier League,31/03/2007,4,46,Arsenal,Anfield
0,Champions League Quarter-final 1st leg,03/04/2007,3,47,PSV Eindhoven,Philips Stadion
1,Premier League,07/04/2007,2,48,Reading,Madejski Stadium
0,Champions League Quarter-final 2nd leg,11/04/2007,1,49,PSV Eindhoven,Anfield
0,Premier League,14/04/2007,0,50,Manchester City,City of Manchester Stadium 
0,Premier League,18/04/2007,2,51,Middlesbrough,Anfield
0,Premier League,21/04/2007,2,52,Wigan Athletic,Anfield
1,Champions League Semi-final 1st leg,25/04/2007,0,53,Chelsea,Stamford Bridge
2,Premier League,28/04/2007,1,54,Portsmouth,Fratton Park
0,Champions League Semi-final 2nd leg,01/05/2007,1,55,Chelsea,Anfield
1,Premier League,05/05/2007,0,56,Fulham,Craven Cottage
2,Premier League,13/05/2007,2,57,Charlton Athletic,Anfield
2,Champions League Final,23/05/2007,1,58,AC Milan,Athens Olympic Stadium
0,Champions League 1st Qualifying round 1st leg,13/07/2005,3,1,Total Network Solutions,Anfield
0,Champions League 1st Qualifying round 2nd leg,19/07/2005,3,2,Total Network Solutions,Racecourse Ground
1,Champions League 2nd Qualifying round 1st leg,26/07/2005,3,3,FBK Kaunas,S Darius & S Girenas Stadium
0,Champions League 2nd Qualifying round 2nd leg,02/08/2005,2,4,FBK Kaunas,Anfield
1,Champions League 3rd Qualifying round 1st leg,10/08/2005,3,5,CSKA Sofia,Vassil Levski
0,Premier League,13/08/2005,0,6,Middlesbrough,Riverside
0,Premier League,20/08/2005,1,7,Sunderland,Anfield
1,Champions League 3rd Qualifying round 2nd leg,23/08/2005,0,8,CSKA Sofia,Anfield
1,European Super Cup,26/08/2005,3,9,CSKA Moscow,Stade Louis II
0,Premier League,10/09/2005,0,10,Tottenham Hotspur,White Hart Lane
1,Champions League First Group Phase,13/09/2005,2,11,Real Betis,Manuel Ruiz de Lopera
0,Premier League,18/09/2005,0,12,Manchester United,Anfield
2,Premier League,24/09/2005,2,13,Birmingham City,St Andrews
0,Champions League First Group Phase,28/09/2005,0,14,Chelsea,Anfield
4,Premier League,02/10/2005,1,15,Chelsea,Anfield
0,Premier League,15/10/2005,1,16,Blackburn Rovers,Anfield
0,Champions League First Group Phase,19/10/2005,1,17,Anderlecht,Constant Vanden Stock Stadium
2,Premier League,22/10/2005,0,18,Fulham,Craven Cottage
2,League Cup 3rd round,25/10/2005,1,19,Crystal Palace,Selhurst Park
0,Premier League,29/10/2005,2,20,West Ham United,Anfield
0,Champions League First Group Phase,01/11/2005,3,21,Anderlecht,Anfield
0,Premier League,05/11/2005,2,22,Aston Villa,Villa Park
0,Premier League,19/11/2005,3,23,Portsmouth,Anfield
0,Champions League First Group Phase,23/11/2005,0,24,Real Betis,Anfield
0,Premier League,26/11/2005,1,25,Manchester City,City of Manchester Stadium 
0,Premier League,30/11/2005,2,26,Sunderland,Stadium of Light
0,Premier League,03/12/2005,3,27,Wigan Athletic,Anfield
0,Champions League First Group Phase,06/12/2005,0,28,Chelsea,Stamford Bridge
0,Premier League,10/12/2005,2,29,Middlesbrough,Anfield
0,World Club Championship Semi-final,15/12/2005,3,30,Deportivo Saprissa,Yokohama International Stadium
1,World Club Championship,18/12/2005,0,31,Sao Paolo,Yokohama International Stadium
0,Premier League,26/12/2005,2,32,Newcastle United,Anfield
1,Premier League,28/12/2005,3,33,Everton,Goodison Park
0,Premier League,31/12/2005,1,34,West Bromwich Albion,Anfield
2,Premier League,02/01/2006,2,35,Bolton Wanderers,Reebok Stadium
3,FA Cup 3rd round,07/01/2006,5,36,Luton Town,Kenilworth Road
0,Premier League,14/01/2006,1,37,Tottenham Hotspur,Anfield
1,Premier League,22/01/2006,0,38,Manchester United,Old Trafford
1,FA Cup 4th round,29/01/2006,2,39,Portsmouth,Fratton Park
1,Premier League,01/02/2006,1,40,Birmingham City,Anfield
2,Premier League,05/02/2006,0,41,Chelsea,Stamford Bridge
2,Premier League,08/02/2006,0,42,Charlton Athletic,The Valley
0,Premier League,11/02/2006,1,43,Wigan Athletic,JJB Stadium
0,Premier League,14/02/2006,1,44,Arsenal,Anfield
0,FA Cup 5th round,18/02/2006,1,45,Manchester United,Anfield
1,Champions League  1st knockout r. 1st leg,21/02/2006,0,46,Benfica,Estadio da Luz
0,Premier League,26/02/2006,1,47,Manchester City,Anfield
0,Premier League,04/03/2006,0,48,Charlton Athletic,Anfield
2,Champions League 1st knockout r. 2nd leg ,08/03/2006,0,49,Benfica,Anfield
2,Premier League,12/03/2006,1,50,Arsenal,Highbury
1,Premier League,15/03/2006,5,51,Fulham,Anfield
1,Premier League,19/03/2006,3,52,Newcastle United,St James' Park
0,FA Cup 6th round,21/03/2006,7,53,Birmingham City,St Andrews
1,Premier League,25/03/2006,3,54,Everton,Anfield
0,Premier League,01/04/2006,2,55,West Bromwich Albion,The Hawthorns
0,Premier League,09/04/2006,1,56,Bolton Wanderers,Anfield
0,Premier League,16/04/2006,1,57,Blackburn Rovers,Ewood Park
1,FA Cup Semi-final,22/04/2006,2,58,Chelsea,Old Trafford
1,Premier League,26/04/2006,2,59,West Ham United,Upton Park
1,Premier League,29/04/2006,3,60,Aston Villa,Anfield
1,Premier League,07/05/2006,3,61,Portsmouth,Fratton Park
3,FA Cup Final,13/05/2006,3,62,West Ham United,Millennium Stadium
0,Champions League 3rd Qualifying round 1st leg,10/08/2004,2,1,Grazer AK,Arnold Schwarzenegger Stadion
1,Premier League,14/08/2004,1,2,Tottenham Hotspur,White Hart Lane
1,Premier League,21/08/2004,2,3,Manchester City,Anfield
1,Champions League 3rd Qualifying round 2nd leg,24/08/2004,0,4,Grazer AK,Anfield
1,Premier League,29/08/2004,0,5,Bolton Wanderers,Reebok Stadium
0,Premier League,11/09/2004,3,6,West Bromwich Albion,Anfield
0,Champions League First Group Phase,15/09/2004,2,7,AS Monaco,Anfield
2,Premier League,20/09/2004,1,8,Manchester United,Old Trafford
0,Premier League,25/09/2004,3,9,Norwich City,Anfield
1,Champions League First Group Phase,28/09/2004,0,10,Olympiacos,Yorgos Karaiskakis Stadium
1,Premier League,03/10/2004,0,11,Chelsea,Stamford Bridge
2,Premier League,16/10/2004,4,12,Fulham,Craven Cottage
0,Champions League First Group Phase,19/10/2004,0,13,Deportivo La Coruna,Anfield
0,Premier League,23/10/2004,2,14,Charlton Athletic,Anfield
0,League Cup 3rd round,26/10/2004,3,15,Millwall,The New Den
2,Premier League,30/10/2004,2,16,Blackburn Rovers,Ewood Park
0,Champions League First Group Phase,03/11/2004,1,17,Deportivo La Coruna,Estadio Municipal De Riazor
1,Premier League,06/11/2004,0,18,Birmingham City,Anfield
0,League Cup 4th round,10/11/2004,2,19,Middlesbrough,Anfield
2,Premier League,13/11/2004,3,20,Crystal Palace,Anfield
2,Premier League,20/11/2004,0,21,Middlesbrough,Riverside
1,Champions League First Group Phase,23/11/2004,0,22,AS Monaco,Stade Louis II
1,Premier League,28/11/2004,2,23,Arsenal,Anfield
1,League Cup 5th round ,01/12/2004,1,24,Tottenham Hotspur,White Hart Lane
1,Premier League,04/12/2004,1,25,Aston Villa,Villa Park
1,Champions League First Group Phase,08/12/2004,3,26,Olympiacos,Anfield
1,Premier League,11/12/2004,0,27,Everton,Goodison Park
1,Premier League,14/12/2004,1,28,Portsmouth,Anfield
1,Premier League,19/12/2004,3,29,Newcastle United,Anfield
0,Premier League,26/12/2004,5,30,West Bromwich Albion,The Hawthorns
0,Premier League,28/12/2004,1,31,Southampton,Anfield
1,Premier League,01/01/2005,0,32,Chelsea,Anfield
1,Premier League,03/01/2005,2,33,Norwich City,Carrow Road
0,League Cup Semi-final 1st leg,11/01/2005,1,34,Watford,Anfield
1,Premier League,15/01/2005,0,35,Manchester United,Anfield
1,FA Cup 3rd round,18/01/2005,0,36,Burnley,Turf Moor
2,Premier League,22/01/2005,0,37,Southampton,St Mary's
0,League Cup Semi-final 2nd leg,25/01/2005,1,38,Watford,Vicarage Road
1,Premier League,01/02/2005,2,39,Charlton Athletic,The Valley
1,Premier League,05/02/2005,3,40,Fulham,Anfield
2,Premier League,12/02/2005,0,41,Birmingham City,St Andrews
1,Champions League  1st knockout r. 1st leg,22/02/2005,3,42,Bayer Leverkusen,Anfield
3,League Cup Final ,27/02/2005,2,43,Chelsea,Millennium Stadium
1,Premier League,05/03/2005,0,44,Newcastle United,St James' Park
1,Champions League 1st knockout r. 2nd leg ,09/03/2005,3,45,Bayer Leverkusen,Bay Arena
0,Premier League,16/03/2005,0,46,Blackburn Rovers,Anfield
1,Premier League,20/03/2005,2,47,Everton,Anfield
0,Premier League,02/04/2005,1,48,Bolton Wanderers,Anfield
1,Champions League Quarter-final 1st leg,05/04/2005,2,49,Juventus,Anfield
1,Premier League,09/04/2005,0,50,Manchester City,City of Manchester Stadium 
0,Champions League Quarter-final 2nd leg,13/04/2005,0,51,Juventus,Stadio Dell'Alpi
2,Premier League,16/04/2005,2,52,Tottenham Hotspur,Anfield
1,Premier League,20/04/2005,2,53,Portsmouth,Fratton Park
1,Premier League,23/04/2005,0,54,Crystal Palace,Selhurst Park
0,Champions League Semi-final 1st leg,27/04/2005,0,55,Chelsea,Stamford Bridge
1,Premier League,30/04/2005,1,56,Middlesbrough,Anfield
0,Champions League Semi-final 2nd leg,03/05/2005,1,57,Chelsea,Anfield
3,Premier League,08/05/2005,1,58,Arsenal,Highbury
1,Premier League,15/05/2005,2,59,Aston Villa,Anfield
3,Champions League Final,25/05/2005,3,60,AC Milan,Ataturk Stadium
